timestamp,ETHUSDT_price,BNBUSDT_price,XRPUSDT_price,ADAUSDT_price,SOLUSDT_price,BTCUSDT_price,ETHUSDT_funding_rate,BNBUSDT_funding_rate,XRPUSDT_funding_rate,ADAUSDT_funding_rate,SOLUSDT_funding_rate,BTCUSDT_funding_rate
2023-01-01 00:00:00+00:00,1195.06,244.0,0.3368,0.2452,9.8,16526.19,0.0001,-1.05e-05,0.0001,-7.036e-05,-0.00092452,0.0001
2023-01-01 16:00:00+00:00,1200.34,244.4,0.3387,0.2499,9.99,16616.75,0.0001,0.0,0.0001,-0.00028022,-0.00097445,6.91e-06
2023-01-02 00:00:00+00:00,1213.09,246.4,0.3378,0.2541,11.09,16721.28,0.0001,0.0,0.0001,-0.00013088,-0.00105604,-1.488e-05
2023-01-03 16:00:00+00:00,1214.55,246.1,0.3436,0.2529,13.37,16675.18,2.948e-05,0.0,0.0001,-1.873e-05,-0.00820119,3.322e-05
2023-01-04 00:00:00+00:00,1252.0,255.3,0.3498,0.2656,14.16,16869.44,7.609e-05,0.0,-0.00015714,9.699e-05,-0.00349905,6.489e-05
2023-01-05 16:00:00+00:00,1251.24,256.7,0.338,0.2692,13.43,16831.85,0.0001,-0.00034445,4.332e-05,0.0001,-0.00035808,7.264e-05
2023-01-06 16:00:00+00:00,1269.14,259.9,0.3443,0.2786,13.5,16950.65,0.0001,-0.00021562,0.0001,0.0001,-0.00097063,8.658e-05
2023-01-07 16:00:00+00:00,1264.07,261.3,0.3442,0.2768,13.1,16943.57,7.19e-05,-0.00023691,0.0001,1.35e-05,-0.00049317,0.0001
2023-01-08 08:00:00+00:00,1274.25,267.0,0.343,0.288,13.88,17000.43,8.826e-05,-0.00011035,0.0001,0.0001,-0.00041686,0.0001
2023-01-09 08:00:00+00:00,1335.68,280.3,0.3553,0.3207,17.13,17268.49,7.617e-05,0.0,0.0001,0.0001,0.0001,-6.66e-06
2023-01-10 16:00:00+00:00,1335.62,277.1,0.3507,0.3222,16.2,17440.66,0.0001,-1.944e-05,0.0001,0.0001,-0.00015347,3.129e-05
2023-01-12 00:00:00+00:00,1398.45,285.1,0.3734,0.3247,16.25,18138.22,0.0001,-7.73e-06,0.0001,0.0001,0.0001,7.549e-05
2023-01-12 08:00:00+00:00,1386.07,281.6,0.3673,0.3223,15.96,18086.62,0.0001,0.0,0.0001,0.0001,0.0001,0.0001
2023-01-12 16:00:00+00:00,1415.92,287.7,0.3748,0.3293,16.59,18846.62,0.0001,0.0,0.0001,0.0001,-0.00044772,0.0001
2023-01-13 08:00:00+00:00,1421.98,288.8,0.374,0.332,16.81,19261.19,0.0001,-0.00013437,0.0001,0.0001,2.603e-05,0.0001
2023-01-14 00:00:00+00:00,1553.43,310.8,0.404,0.3634,23.57,20897.36,0.0001,0.0,0.0001,0.0001,0.0001,8.746e-05
2023-01-14 16:00:00+00:00,1549.9,305.1,0.3953,0.3525,24.24,20954.92,0.00045951,0.0001184,0.0001,0.0001,0.0001,0.0001
2023-01-15 16:00:00+00:00,1552.52,302.2,0.3845,0.3507,22.89,20871.5,0.00018878,0.0,0.0001,0.0001,0.00012309,0.00019892
2023-01-16 16:00:00+00:00,1576.94,299.0,0.3855,0.3504,23.58,21185.65,0.0001,0.0,0.0001,0.0001,0.0001,0.0001
2023-01-19 00:00:00+00:00,1528.65,290.4,0.3841,0.3307,21.3,20818.95,0.0001,-9.679e-05,0.0001,0.0001,0.0001,0.0001
2023-01-20 00:00:00+00:00,1550.33,288.1,0.3883,0.3354,21.07,20959.44,0.0001,-7.95e-06,0.0001,0.0001,0.0001,0.0001
2023-01-20 08:00:00+00:00,1563.69,289.6,0.3928,0.3413,21.42,21144.77,0.0001,0.0,0.0001,0.0001,0.0001,0.0001
2023-01-20 16:00:00+00:00,1658.52,305.1,0.4129,0.3652,25.51,22667.21,0.0001,0.0,-2.67e-05,0.0001,0.0001,0.0001
2023-01-22 00:00:00+00:00,1627.08,302.3,0.4046,0.3733,25.13,22895.2,0.0001,0.0,0.0001,0.0001,0.0001,0.0001
2023-01-22 08:00:00+00:00,1635.51,303.4,0.4056,0.3806,24.97,22794.51,0.0001,0.00015982,0.0001,0.0001,0.0001,0.0001
2023-01-24 16:00:00+00:00,1555.97,300.3,0.4078,0.3587,22.78,22632.89,0.0001,0.00017116,0.0001,0.0001,0.0001,0.0001
2023-01-25 08:00:00+00:00,1543.95,300.2,0.4059,0.3552,23.32,22577.86,0.0001,0.0,0.0001,6.88e-06,1.239e-05,0.0001
2023-01-27 08:00:00+00:00,1574.86,303.8,0.4062,0.3784,23.83,22933.96,0.0001,0.0,0.0001,0.0001,0.0001,9.541e-05
2023-01-27 16:00:00+00:00,1597.62,308.0,0.4128,0.3898,24.43,23074.16,0.0001,0.0,0.0001,0.0001,0.0001,0.0001
2023-01-29 08:00:00+00:00,1611.44,318.4,0.412,0.3889,24.69,23525.09,0.0001,0.0,0.0001,0.0001,0.0001,0.0001
2023-01-30 08:00:00+00:00,1585.18,308.8,0.4,0.3822,24.38,23178.51,0.0001,2.222e-05,0.0001,0.0001,0.0001,0.0001
2023-01-30 16:00:00+00:00,1566.2,307.2,0.3934,0.3725,23.96,22826.15,0.0001,0.0,0.0001,0.0001,0.0001,0.0001
2023-01-31 08:00:00+00:00,1588.99,312.6,0.4022,0.3959,24.09,23121.8,0.0001,0.0,0.0001,0.0001,0.0001,0.0001
2023-02-01 08:00:00+00:00,1575.53,307.1,0.3978,0.3754,22.81,22979.73,0.0001,0.0,0.0001,0.0001,0.0001,0.0001
2023-02-03 08:00:00+00:00,1663.93,331.5,0.4102,0.4033,24.86,23603.36,0.0001,7.717e-05,0.0001,0.0001,6.262e-05,0.0001
2023-02-03 16:00:00+00:00,1663.52,332.2,0.4117,0.4038,24.69,23431.9,0.0001,4.762e-05,0.0001,0.0001,7.317e-05,0.0001
2023-02-04 08:00:00+00:00,1679.97,331.1,0.4132,0.4038,24.71,23421.45,0.0001,6.947e-05,0.0001,0.0001,0.0001,0.0001
2023-02-04 16:00:00+00:00,1666.38,330.4,0.4106,0.3994,24.34,23326.84,0.0001,4.705e-05,0.0001,0.0001,0.0001,0.0001
2023-02-06 08:00:00+00:00,1649.01,330.0,0.4004,0.3944,23.47,23041.39,0.0001,0.0,0.0001,0.0001,0.0001,0.0001
2023-02-08 16:00:00+00:00,1650.43,328.2,0.3975,0.3942,23.22,22963.0,0.0001,0.0,0.0001,0.0001,0.0001,0.0001
2023-02-12 08:00:00+00:00,1536.09,312.9,0.3825,0.3699,21.43,21945.3,3.225e-05,-0.00030295,-6.099e-05,0.0001,-0.00045565,0.0001
2023-02-15 08:00:00+00:00,1579.5,303.2,0.387,0.3909,22.43,22809.46,2.81e-05,-9.915e-05,0.0001,0.0001,8.397e-05,2.63e-05
2023-02-16 08:00:00+00:00,1724.14,324.6,0.4019,0.4127,23.86,25072.67,0.0001,0.0,0.0001,0.0001,0.0001,0.0001
2023-02-17 16:00:00+00:00,1693.87,313.0,0.395,0.4033,23.14,24569.97,0.0001,0.0,0.0001,0.0001,0.0001,0.0001
2023-02-18 08:00:00+00:00,1695.5,316.5,0.3948,0.4044,23.42,24668.26,0.0001,0.0,0.0001,0.0001,0.0001,0.0001
2023-02-22 16:00:00+00:00,1643.14,312.4,0.3953,0.3888,24.16,24182.21,0.0001,-0.00012206,0.0001,0.0001,0.0001,0.0001
2023-02-26 16:00:00+00:00,1641.36,308.7,0.3779,0.3691,23.25,23554.85,1.098e-05,-0.00012253,8.357e-05,0.0001,-1.898e-05,6.581e-05
2023-02-27 16:00:00+00:00,1633.45,304.6,0.3785,0.3647,22.68,23492.09,6.025e-05,0.0,0.0001,9.35e-06,8.837e-05,6.826e-05
2023-03-01 08:00:00+00:00,1657.47,303.4,0.3816,0.3614,22.66,23711.09,0.0001,0.0,0.0001,0.0001,0.0001,0.0001
2023-03-02 16:00:00+00:00,1647.86,299.8,0.3772,0.3504,22.0,23465.32,7.746e-05,-0.00028051,0.0001,9.862e-05,-8.101e-05,8.395e-05
2023-03-03 00:00:00+00:00,1568.08,291.0,0.3651,0.3369,21.06,22360.78,3.967e-05,-2.961e-05,0.0001,0.0001,2.047e-05,0.0001
2023-03-03 16:00:00+00:00,1569.45,290.4,0.3774,0.3431,21.42,22354.34,2.284e-05,-2.007e-05,0.0001,0.0001,9.745e-05,-2.26e-06
2023-03-05 00:00:00+00:00,1568.62,290.5,0.3728,0.3389,21.31,22375.7,5.372e-05,-9.205e-05,7.093e-05,2.421e-05,0.0001,1.874e-05
2023-03-05 08:00:00+00:00,1569.22,291.0,0.3708,0.3386,21.27,22436.18,3.555e-05,0.0,3.434e-05,0.0001,0.0001,5.44e-06
2023-03-06 16:00:00+00:00,1565.84,287.8,0.3695,0.3305,20.63,22410.0,3.604e-05,-0.00012179,-1.731e-05,6.84e-05,-2.168e-05,5.414e-05
2023-03-08 00:00:00+00:00,1551.29,285.8,0.3763,0.3225,19.19,21971.03,8.208e-05,0.0,3.871e-05,0.0001,-5.279e-05,2.917e-05
2023-03-10 00:00:00+00:00,1412.27,273.3,0.3704,0.3066,16.98,19953.58,-8.306e-05,-0.00027317,-4.059e-05,-0.00039629,-0.00018592,-8.895e-05
2023-03-10 08:00:00+00:00,1417.03,274.5,0.3689,0.3133,17.67,20004.96,-9.7e-07,-0.00025155,8.59e-05,4.434e-05,8.585e-05,5.26e-06
2023-03-12 08:00:00+00:00,1455.88,273.8,0.3524,0.3026,17.84,20358.96,8.67e-05,0.0,0.0001,0.0001,6.8e-05,9.088e-05
2023-03-15 08:00:00+00:00,1634.04,305.1,0.3607,0.327,19.24,24471.01,0.00018366,0.00010347,0.0001,0.0001,0.0001,0.00024127
2023-03-18 08:00:00+00:00,1786.0,332.5,0.3769,0.3448,21.84,27226.23,0.0001,-0.00099191,0.0001,0.0001,0.00027581,0.0001
2023-03-19 16:00:00+00:00,1780.68,336.7,0.3857,0.3448,21.86,27972.87,0.0001,-0.00132398,0.0001,0.0001,0.0001,0.0001
2023-03-22 00:00:00+00:00,1792.75,336.8,0.4556,0.374,22.31,28103.69,5.146e-05,-0.00197057,0.0001,0.0001,0.0001,2.68e-06
2023-03-22 16:00:00+00:00,1734.33,321.1,0.4213,0.3596,21.42,27250.97,5.54e-05,-5.565e-05,0.0001,0.0001,0.0001,5.334e-05
2023-03-26 00:00:00+00:00,1752.55,324.0,0.4565,0.3553,20.76,27504.94,8.29e-06,-0.0001002,0.0001,-2.9e-07,-0.00010361,6.1e-07
2023-03-26 16:00:00+00:00,1773.88,328.6,0.4479,0.3557,20.94,27968.05,4.383e-05,0.0,-1.074e-05,2.992e-05,-4.191e-05,3.634e-05
2023-03-27 16:00:00+00:00,1715.22,310.6,0.479,0.3455,19.91,27124.91,-1.71e-06,-0.00051772,0.0001,5.939e-05,2.013e-05,-3.96e-06
2023-03-28 08:00:00+00:00,1744.08,311.5,0.4979,0.3584,20.24,26998.63,3.473e-05,-0.00010119,4.81e-05,0.0001,8.36e-05,1.123e-05
2023-03-30 00:00:00+00:00,1806.47,315.5,0.5376,0.3799,21.03,28725.01,5.756e-05,0.0,-3.291e-05,0.0001,4.312e-05,6.987e-05
2023-03-30 08:00:00+00:00,1789.42,315.8,0.5328,0.3759,20.53,28300.33,2.86e-06,-4.867e-05,0.0001,0.0001,7.675e-05,5.638e-05
2023-04-01 00:00:00+00:00,1823.46,314.2,0.509,0.3911,21.02,28424.99,0.0001,-0.00079807,8.752e-05,0.0001,0.0001,0.0001
2023-04-01 08:00:00+00:00,1820.38,313.7,0.5117,0.393,20.96,28400.07,0.0001,-0.00018883,-1.213e-05,0.0001,0.0001,0.0001
2023-04-03 00:00:00+00:00,1794.87,310.9,0.5138,0.3947,20.26,27958.74,-2.938e-05,-0.0004329,4.31e-05,1.763e-05,-0.00014684,1.759e-05
2023-04-05 00:00:00+00:00,1909.96,314.7,0.5223,0.396,21.19,28525.21,6.853e-05,0.0,-5.145e-05,1.908e-05,0.0001,2.76e-05
2023-04-06 00:00:00+00:00,1879.22,312.1,0.4979,0.3836,20.64,27910.97,5.011e-05,0.0,-7.387e-05,6.476e-05,0.0001,1.442e-05
2023-04-06 16:00:00+00:00,1872.41,312.3,0.5028,0.3829,20.62,28033.82,2.17e-06,0.0,6.164e-05,-8.35e-06,1.019e-05,-2.975e-05
2023-04-07 16:00:00+00:00,1863.72,310.3,0.5126,0.3835,20.44,27906.33,3.638e-05,-5.462e-05,3.74e-06,1.091e-05,2.05e-06,1.055e-05
2023-04-08 00:00:00+00:00,1872.29,312.0,0.5105,0.3886,20.6,28086.22,3.725e-05,-5.522e-05,-3.424e-05,0.0001,0.0001,2.68e-06
2023-04-10 00:00:00+00:00,1860.0,312.9,0.5061,0.3867,20.23,28284.57,3.359e-05,0.0,-9.5e-07,0.0001,0.0001,0.0001
2023-04-13 16:00:00+00:00,2012.01,324.7,0.5125,0.4251,24.43,30373.84,0.0001,1.014e-05,0.0001,0.0001,0.0001,0.0001
2023-04-17 16:00:00+00:00,2074.0,340.0,0.5109,0.4341,24.58,29430.27,0.0001,0.00023012,0.0001,0.0001,0.00013821,0.0001
2023-04-18 16:00:00+00:00,2103.5,343.1,0.5324,0.4435,24.82,30380.01,0.0001,0.0,0.0001,0.0001,0.0001,6.772e-05
2023-04-19 16:00:00+00:00,1933.73,322.4,0.4911,0.4163,22.66,28797.1,-1.015e-05,0.0,-0.00022713,8.52e-05,-5.574e-05,-8.1e-07
2023-04-22 00:00:00+00:00,1850.8,322.3,0.4506,0.3851,21.27,27277.76,5.467e-05,-0.0001808,-0.00021002,7.205e-05,-1.147e-05,0.0001
2023-04-22 08:00:00+00:00,1866.81,327.9,0.4676,0.3963,21.74,27488.93,-5.62e-06,-0.00039367,-0.00016382,-1.536e-05,9.14e-06,6.858e-05
2023-04-24 00:00:00+00:00,1845.69,329.4,0.4608,0.385,21.29,27451.97,9.041e-05,-0.00032731,-4.232e-05,0.0001,3.83e-06,4.679e-05
2023-04-30 08:00:00+00:00,1920.01,324.2,0.4789,0.4068,23.67,29655.18,-2.13e-06,0.0,0.0001,7.254e-05,7.129e-05,3.501e-05
2023-05-02 16:00:00+00:00,1870.08,321.5,0.4645,0.3916,22.25,28669.86,8.146e-05,-0.00119084,0.0001,6.158e-05,-4.732e-05,1.204e-05
2023-05-04 00:00:00+00:00,1898.4,325.4,0.4615,0.3924,22.12,29058.19,0.0001,0.0,-4.143e-05,0.0001,-2.27e-06,0.0001
2023-05-04 08:00:00+00:00,1885.66,324.7,0.4559,0.3891,21.82,28866.19,0.0001,0.0,0.0001,0.0001,0.0001,9.992e-05
2023-05-05 08:00:00+00:00,1953.34,327.0,0.463,0.3926,22.32,29356.45,5.68e-05,-4.602e-05,0.0001,0.0001,3.223e-05,9.909e-05
2023-05-05 16:00:00+00:00,1993.3,326.5,0.4671,0.3942,22.82,29505.61,0.0001,0.0,0.0001,0.0001,0.0001,8.548e-05
2023-05-06 08:00:00+00:00,1877.32,320.4,0.4543,0.3761,21.79,28576.61,0.0001,-6.943e-05,0.0001,0.0001,0.0001,0.0001
2023-05-06 16:00:00+00:00,1896.33,321.9,0.4582,0.3787,21.91,28848.2,6.94e-06,-0.00027804,9.64e-06,-7.688e-05,2.441e-05,0.0001
2023-05-07 00:00:00+00:00,1905.56,324.0,0.4576,0.3809,22.05,28910.41,1.519e-05,-7.751e-05,-1.946e-05,1.449e-05,3.648e-05,4.321e-05
2023-05-07 08:00:00+00:00,1916.93,324.4,0.4582,0.3808,22.46,28942.67,2.257e-05,-4.936e-05,0.0001,9.678e-05,-2.12e-05,4.047e-05
2023-05-08 00:00:00+00:00,1851.43,316.6,0.4355,0.366,21.22,27975.48,5.356e-05,-0.00010221,-6.618e-05,6.68e-05,0.0001,7.2e-06
2023-05-09 08:00:00+00:00,1839.49,312.3,0.4218,0.3611,20.55,27400.39,0.0001,-0.00036709,1.508e-05,5.24e-05,-5.327e-05,6.841e-05
2023-05-09 16:00:00+00:00,1846.52,312.1,0.4289,0.3633,20.65,27628.27,5.218e-05,-0.00032443,-6.959e-05,1.019e-05,-5.678e-05,3.78e-06
2023-05-10 16:00:00+00:00,1840.84,314.3,0.4303,0.3693,20.91,27598.75,4.334e-05,-0.00058032,5.14e-05,-8.458e-05,-2.9e-07,3.792e-05
2023-05-11 08:00:00+00:00,1807.7,309.6,0.4196,0.3548,20.17,27179.42,2.198e-05,0.0,0.0001,0.0001,2.605e-05,6.926e-05
2023-05-13 00:00:00+00:00,1802.98,310.1,0.4268,0.3682,21.22,26771.88,2.858e-05,-7.953e-05,3.197e-05,0.0001,1.245e-05,-1e-07
2023-05-13 08:00:00+00:00,1795.9,309.8,0.4255,0.3636,20.87,26816.25,2.366e-05,0.0,1.719e-05,0.0001,6.953e-05,5.385e-05
2023-05-16 08:00:00+00:00,1820.2,310.8,0.4222,0.3673,20.78,27038.02,1.255e-05,-1.285e-05,-1.83e-05,0.0001,6.067e-05,3.165e-05
2023-05-16 16:00:00+00:00,1824.21,311.4,0.4425,0.3682,20.67,27033.84,6.009e-05,-6.776e-05,-8.47e-06,8.386e-05,0.0001,5.8e-05
2023-05-17 08:00:00+00:00,1797.24,308.9,0.4408,0.3668,20.59,26796.93,-1.53e-05,0.0,0.0001,0.0001,0.0001,7.029e-05
2023-05-18 00:00:00+00:00,1827.1,313.1,0.4481,0.378,20.92,27391.61,7.696e-05,0.0,-0.00011398,0.0001,0.0001,0.0001
2023-05-19 00:00:00+00:00,1805.62,309.8,0.4598,0.3696,20.44,26851.38,4.796e-05,0.0,0.0001,0.0001,-9.122e-05,2.716e-05
2023-05-19 16:00:00+00:00,1812.32,308.9,0.4675,0.3681,20.36,26880.26,0.0001,0.0,0.0001,0.0001,8.946e-05,3.815e-05
2023-05-22 08:00:00+00:00,1816.64,309.5,0.4568,0.3675,19.67,26877.18,5.518e-05,0.0,0.0001,0.0001,7.846e-05,2.1e-06
2023-05-24 00:00:00+00:00,1814.07,307.8,0.4569,0.3662,19.42,26678.67,9.078e-05,0.0,3.485e-05,0.0001,0.0001,0.0001
2023-05-25 00:00:00+00:00,1778.68,304.5,0.4496,0.3565,19.27,26131.27,1.449e-05,0.0,-9.576e-05,0.0001,5.668e-05,5.82e-05
2023-05-26 00:00:00+00:00,1816.71,305.7,0.461,0.3584,19.3,26501.33,0.0001,0.0,-5.952e-05,9.451e-05,0.0001,0.0001
2023-05-28 16:00:00+00:00,1908.64,314.1,0.482,0.3828,20.81,28065.0,2.481e-05,0.0,0.0001,0.0001,0.0001,0.0001
2023-05-29 00:00:00+00:00,1899.85,314.4,0.4805,0.379,20.73,27907.87,0.0001,0.0,0.0001,0.0001,0.0001,0.0001
2023-05-30 08:00:00+00:00,1900.56,311.8,0.5047,0.3766,20.96,27673.08,0.0001,0.00020674,0.0001,0.0001,0.0001,9.036e-05
2023-05-31 08:00:00+00:00,1857.94,305.3,0.5049,0.3719,20.48,26911.54,5.35e-06,0.0,0.0001,0.0001,0.0001,2.864e-05
2023-05-31 16:00:00+00:00,1873.63,306.8,0.5166,0.3744,20.81,27210.35,4.873e-05,0.0,0.0001,0.0001,0.0001,9.865e-05
2023-06-01 16:00:00+00:00,1861.78,304.9,0.5065,0.3644,20.49,26817.93,0.0001,0.0,0.0001,-6.36e-06,0.0001,0.0001
2023-06-02 00:00:00+00:00,1885.65,307.1,0.5155,0.3719,20.98,27049.65,4.67e-05,0.0,5.157e-05,-1.236e-05,0.0001,4.77e-05
2023-06-03 00:00:00+00:00,1902.71,306.0,0.5245,0.3764,21.17,27174.42,0.0001,7.832e-05,0.0001,0.0001,0.0001,7.42e-05
2023-06-04 00:00:00+00:00,1900.21,306.8,0.5254,0.3804,21.6,27150.45,2.827e-05,1.7e-07,0.0001,0.0001,0.0001,4.85e-05
2023-06-04 08:00:00+00:00,1901.76,306.6,0.5358,0.38,22.05,27179.0,4.801e-05,3.122e-05,0.0001,0.0001,0.0001,0.0001
2023-06-04 16:00:00+00:00,1890.01,305.0,0.5359,0.3773,21.82,27115.21,8.077e-05,0.00016004,0.0001,0.0001,0.0001,0.0001
2023-06-05 08:00:00+00:00,1820.6,276.8,0.5043,0.3571,19.93,26007.53,2.308e-05,0.0,0.0001,0.0001,0.0001,9.538e-05
2023-06-05 16:00:00+00:00,1810.5,276.9,0.509,0.3514,20.0,25728.2,7.505e-05,0.0,0.0001,0.0001,0.0001,7.856e-05
2023-06-06 00:00:00+00:00,1813.35,277.4,0.5055,0.3523,20.11,25722.33,-4.896e-05,0.0,-0.00010566,-7.061e-05,-7.522e-05,-7.157e-05
2023-06-07 00:00:00+00:00,1875.05,276.9,0.5261,0.341,20.01,26795.87,0.0001,0.0,9.314e-05,4.11e-05,0.0001,0.0001
2023-06-07 16:00:00+00:00,1832.13,259.3,0.5183,0.3223,18.64,26339.34,2.658e-05,0.0,0.0001,2.179e-05,8.161e-05,4.005e-05
2023-06-08 08:00:00+00:00,1855.66,265.2,0.5244,0.3288,18.92,26721.68,5.971e-05,0.0,6.906e-05,0.0001,-6.138e-05,3.09e-05
2023-06-08 16:00:00+00:00,1845.64,262.0,0.5236,0.3228,18.89,26498.61,6.27e-05,0.0,0.0001,0.0001,-3.987e-05,4.011e-05
2023-06-09 00:00:00+00:00,1836.37,258.3,0.524,0.3138,18.59,26493.43,7.287e-05,0.0,5.943e-05,0.0001,-1.99e-05,6.588e-05
2023-06-09 08:00:00+00:00,1841.71,261.1,0.5313,0.3113,18.7,26477.37,9.72e-06,0.0,9.097e-05,0.0001,2.244e-05,7.916e-05
2023-06-09 16:00:00+00:00,1840.37,260.5,0.538,0.2951,17.4,26477.81,7.382e-05,0.0,0.0001,0.0001,4.756e-05,4.404e-05
2023-06-10 00:00:00+00:00,1731.78,234.9,0.4898,0.2403,14.42,25651.09,6.01e-05,2.811e-05,7.932e-05,0.0001,4.312e-05,8.702e-05
2023-06-10 08:00:00+00:00,1737.39,235.4,0.4899,0.2544,14.77,25628.8,5.325e-05,-0.00036574,-0.00017397,-6.8e-05,-0.00018689,2.417e-05
2023-06-10 16:00:00+00:00,1751.53,238.7,0.5067,0.2747,15.61,25841.21,1.875e-05,-2.163e-05,-8.127e-05,-0.00070382,-0.00045568,3.854e-05
2023-06-11 08:00:00+00:00,1740.8,235.0,0.5086,0.2642,15.22,25751.36,6.332e-05,-0.00018089,-8.494e-05,-0.0002327,-0.00039139,3.197e-05
2023-06-11 16:00:00+00:00,1752.76,235.4,0.5208,0.272,15.55,25925.55,2.351e-05,-0.00028735,-8.619e-05,-0.0005839,-0.00011432,5.925e-05
2023-06-12 00:00:00+00:00,1736.7,224.0,0.5126,0.2782,15.09,25802.98,7.802e-05,0.0,0.0001,-0.00033988,-5.452e-05,8.66e-05
2023-06-12 08:00:00+00:00,1731.87,231.1,0.5146,0.2772,15.2,25824.63,9.417e-05,-0.00070002,7.247e-05,-0.00014433,-0.00010351,3.065e-05
2023-06-13 00:00:00+00:00,1748.27,235.3,0.5298,0.2796,15.43,26073.92,7.468e-05,0.0,-6.24e-06,-2.851e-05,-6.7e-06,0.0001
2023-06-13 08:00:00+00:00,1730.18,234.9,0.508,0.2697,14.8,25759.54,4.944e-05,-6.27e-05,7.143e-05,-0.00026108,8.95e-06,6.18e-05
2023-06-13 16:00:00+00:00,1740.12,244.2,0.5192,0.2752,15.04,25934.25,5.417e-05,-0.00034303,-3.955e-05,-7.421e-05,-1.734e-05,6.503e-05
2023-06-14 00:00:00+00:00,1741.29,246.8,0.5008,0.2708,15.05,25897.72,9.312e-05,-3.98e-06,-0.00010982,9.3e-06,-6.216e-05,2.438e-05
2023-06-14 08:00:00+00:00,1741.05,246.2,0.5025,0.2735,15.11,25986.75,1.378e-05,-0.00044698,-3.572e-05,-0.00012798,-9.959e-05,2.716e-05
2023-06-14 16:00:00+00:00,1650.95,237.9,0.4801,0.2633,14.48,25128.6,2.759e-05,-0.0004527,-3.364e-05,2.799e-05,-3.849e-05,3.661e-05
2023-06-15 00:00:00+00:00,1639.95,236.6,0.4702,0.2562,14.81,24983.8,-7.479e-05,-0.00031629,-0.00021641,-6.097e-05,-3.913e-05,-3.265e-05
2023-06-15 08:00:00+00:00,1642.42,232.7,0.474,0.2578,14.48,24959.95,-8.236e-05,-7.324e-05,-4.438e-05,3.636e-05,-0.0001096,6.193e-05
2023-06-15 16:00:00+00:00,1666.96,236.4,0.4801,0.262,14.77,25598.49,3.041e-05,0.0,0.0001,9.56e-05,0.0001,6.687e-05
2023-06-16 00:00:00+00:00,1671.08,239.5,0.4771,0.2628,14.85,25537.01,-8.034e-05,-5.371e-05,-9.809e-05,-3.703e-05,2.986e-05,3.971e-05
2023-06-16 08:00:00+00:00,1682.31,238.5,0.4658,0.2597,15.0,25840.01,-5.17e-05,-5.605e-05,-2.123e-05,-4.052e-05,3.481e-05,7.81e-06
2023-06-16 16:00:00+00:00,1717.92,239.3,0.4759,0.2632,15.31,26345.0,-1.294e-05,-0.00017727,-0.00023566,-7.134e-05,-4.6e-06,2.36e-06
2023-06-17 00:00:00+00:00,1744.63,246.5,0.4801,0.2699,15.85,26593.57,6.711e-05,0.0,-0.00035938,-2.564e-05,-3.146e-05,9.868e-05
2023-06-17 08:00:00+00:00,1727.88,243.1,0.4786,0.2658,15.65,26410.82,0.0001,0.0,-9.65e-05,9.068e-05,5.237e-05,0.0001
2023-06-17 16:00:00+00:00,1727.76,244.5,0.4794,0.2667,15.64,26516.99,-1.45e-06,0.0,-0.00012147,2.354e-05,6.248e-05,7.543e-05
2023-06-18 00:00:00+00:00,1730.14,245.8,0.4826,0.2667,15.59,26584.98,-7.19e-06,0.0,-0.0001479,-8.478e-05,-2.892e-05,3.706e-05
2023-06-18 08:00:00+00:00,1738.11,247.1,0.493,0.2674,15.72,26562.09,-8.65e-06,0.0,-8.432e-05,-4.256e-05,-5.493e-05,8.233e-05
2023-06-18 16:00:00+00:00,1720.95,244.1,0.4868,0.261,15.45,26339.97,5.296e-05,0.0,-0.00016395,5.842e-05,-1.03e-06,6.705e-05
2023-06-19 00:00:00+00:00,1724.49,243.4,0.4899,0.2601,15.48,26428.01,3.436e-05,0.0,-3.1e-07,-5.092e-05,-6.35e-05,7.04e-05
2023-06-19 08:00:00+00:00,1721.45,241.4,0.4887,0.2591,15.56,26444.0,5.597e-05,0.0,-0.00015789,-6.133e-05,-8.954e-05,6.397e-05
2023-06-19 16:00:00+00:00,1737.11,243.1,0.4936,0.2634,16.1,26844.35,2.962e-05,0.0,-1.731e-05,-0.00015647,-4.972e-05,3.69e-05
2023-06-20 08:00:00+00:00,1732.48,240.4,0.4785,0.2572,15.95,27071.93,-2.167e-05,0.0,4.818e-05,-5.439e-05,-8.12e-06,-4.48e-06
2023-06-20 16:00:00+00:00,1791.99,247.7,0.4929,0.2705,16.64,28307.99,2.359e-05,0.0,-5.828e-05,-0.00033145,1.7e-06,-2.597e-05
2023-06-21 00:00:00+00:00,1813.08,249.3,0.4974,0.278,16.83,28872.28,0.0001,0.0,-4.697e-05,6.025e-05,5.55e-06,6.295e-05
2023-06-21 08:00:00+00:00,1849.81,249.4,0.4952,0.2822,16.89,29851.58,1.018e-05,0.0,0.0001,7.926e-05,7.67e-05,0.0001
2023-06-21 16:00:00+00:00,1889.11,248.8,0.4999,0.2862,17.23,29993.89,-2.36e-06,0.0,9.052e-05,-4.432e-05,1.523e-05,2.551e-05
2023-06-22 00:00:00+00:00,1910.79,252.3,0.5123,0.3022,17.37,30100.75,0.0001,0.0,-1.061e-05,3.874e-05,5.684e-05,0.0001
2023-06-22 16:00:00+00:00,1872.01,240.8,0.4938,0.2899,16.62,29884.92,0.0001,0.0,1.45e-06,2.131e-05,-9.97e-06,9.236e-05
2023-06-23 00:00:00+00:00,1880.44,243.5,0.4922,0.2936,16.78,29931.99,0.0001,0.0,-9.4e-06,-9.43e-05,8.86e-05,0.0001
2023-06-23 08:00:00+00:00,1917.61,247.7,0.4982,0.2994,16.98,31238.0,0.0001,0.0,0.0001,0.0001,0.0001,0.0001
2023-06-23 16:00:00+00:00,1892.63,244.3,0.4961,0.2966,17.13,30688.5,4.288e-05,0.0,0.0001,-3.175e-05,-3.27e-06,0.0001
2023-06-24 00:00:00+00:00,1883.04,245.5,0.49,0.2936,17.07,30567.58,0.0001,1.262e-05,8.286e-05,-8.658e-05,-5.354e-05,0.0001
2023-06-24 08:00:00+00:00,1874.3,232.9,0.484,0.2868,16.62,30398.71,0.0001,0.0,0.0001,-0.00010757,8.164e-05,0.0001
2023-06-24 16:00:00+00:00,1874.96,236.4,0.4865,0.2892,16.64,30527.43,3.414e-05,0.0,8.606e-05,-0.00038442,1.615e-05,0.0001
2023-06-25 00:00:00+00:00,1911.81,240.9,0.4901,0.2974,17.28,30723.78,0.0001,0.0,9.622e-05,-8.752e-05,-9.403e-05,0.0001
2023-06-25 08:00:00+00:00,1886.51,239.4,0.4891,0.2934,17.12,30585.16,0.0001,0.0,0.0001,7.891e-05,4.045e-05,0.0001
2023-06-25 16:00:00+00:00,1898.8,238.8,0.4903,0.2921,16.96,30462.66,0.0001,0.0,0.0001,5.986e-05,2.049e-05,0.0001
2023-06-26 00:00:00+00:00,1892.32,237.8,0.4846,0.2903,16.93,30404.29,0.0001,0.0,0.0001,-4.964e-05,2.481e-05,0.0001
2023-06-26 08:00:00+00:00,1889.32,238.6,0.4849,0.2895,16.82,30419.62,7.153e-05,0.0,2.987e-05,-0.00014392,-6.749e-05,0.0001
2023-06-26 16:00:00+00:00,1858.97,236.1,0.479,0.2805,16.27,30267.99,7.038e-05,0.0,1.258e-05,5.246e-05,5.956e-05,0.0001
2023-06-27 00:00:00+00:00,1875.58,238.5,0.4793,0.283,16.73,30411.22,4.477e-05,0.0,-0.00013148,-0.00018887,-2.886e-05,0.0001
2023-06-27 08:00:00+00:00,1871.6,237.9,0.4793,0.28,16.39,30498.74,6.237e-05,7.353e-05,0.0001,-0.00022157,0.0001,0.0001
2023-06-27 16:00:00+00:00,1889.58,237.5,0.4838,0.2867,16.63,30692.44,1.184e-05,4.009e-05,0.0001,-0.00017618,0.0001,0.0001
2023-06-28 00:00:00+00:00,1851.0,232.6,0.4734,0.2753,15.98,30186.13,0.0001,0.0,3.219e-05,-1.451e-05,0.0001,0.0001
2023-06-28 08:00:00+00:00,1859.6,235.1,0.4749,0.2749,16.33,30411.06,2.202e-05,0.0,9.066e-05,-0.00024837,-1.801e-05,9.302e-05
2023-06-28 16:00:00+00:00,1828.02,230.6,0.4647,0.2669,15.97,30077.41,3.873e-05,0.0,0.0001,-3.109e-05,5.458e-05,4.598e-05
2023-06-29 00:00:00+00:00,1847.45,233.4,0.4666,0.2729,16.26,30340.29,1.497e-05,0.0,-0.0003074,-8.401e-05,1.7e-05,6.574e-05
2023-06-29 08:00:00+00:00,1851.79,233.4,0.4698,0.2743,17.68,30478.8,1.188e-05,0.0,-0.00013367,1.16e-06,0.0001,9.3e-05
2023-06-29 16:00:00+00:00,1851.99,233.1,0.4747,0.2752,17.99,30447.31,0.0001,0.0,0.0001,7.487e-05,0.0001,0.0001
2023-06-30 00:00:00+00:00,1887.8,238.7,0.4757,0.2839,18.8,30765.09,3.965e-05,0.0,-6.645e-05,-7.466e-05,4.827e-05,0.0001
2023-06-30 08:00:00+00:00,1852.32,235.6,0.4649,0.2775,18.28,30067.72,0.0001,0.0,0.0001,0.0001,0.0001,0.0001
2023-07-01 00:00:00+00:00,1920.05,242.1,0.4707,0.2864,18.45,30459.88,0.0001,5.352e-05,6.554e-05,-7.423e-05,0.0001,0.0001
2023-07-01 08:00:00+00:00,1922.63,247.4,0.4719,0.2885,18.44,30572.58,0.0001,5.349e-05,0.0001,4.359e-05,0.0001,0.0001
2023-07-01 16:00:00+00:00,1924.5,247.9,0.4732,0.2924,18.7,30585.9,0.0001,0.00014546,0.0001,5.691e-05,2.201e-05,0.0001
2023-07-02 00:00:00+00:00,1914.97,245.7,0.4835,0.2893,19.22,30513.01,0.0001,0.00014716,0.0001,0.0001,0.0001,0.0001
2023-07-02 08:00:00+00:00,1918.61,246.0,0.4839,0.2891,19.29,30498.01,0.0001,2.679e-05,0.0001,0.0001,0.0001,0.0001
2023-07-03 00:00:00+00:00,1966.83,249.5,0.4807,0.2942,19.43,30667.19,0.0001,9.255e-05,0.0001,0.0001,0.0001,0.0001
2023-07-03 08:00:00+00:00,1968.17,249.4,0.4849,0.2954,19.29,31068.64,0.0001,0.0001912,0.0001,0.0001,0.0001,0.0001
2023-07-03 16:00:00+00:00,1955.54,246.5,0.489,0.2967,19.26,31156.2,0.0001,9.428e-05,0.0001,0.0001,0.0001,0.0001
2023-07-04 08:00:00+00:00,1954.19,243.8,0.4841,0.2936,19.84,30964.37,0.0001,0.0,0.0001,0.0001,0.0001,0.0001
2023-07-04 16:00:00+00:00,1936.2,242.5,0.4872,0.2924,19.13,30766.51,0.0001,0.0,0.0001,0.0001,0.0001,0.0001
2023-07-05 00:00:00+00:00,1936.35,243.2,0.4886,0.2951,19.32,30774.25,0.0001,0.0,0.0001,0.0001,0.0001,0.0001
2023-07-05 08:00:00+00:00,1902.96,237.8,0.4721,0.2826,18.59,30356.11,0.0001,0.0,0.0001,0.0001,0.0001,0.0001
2023-07-05 16:00:00+00:00,1910.36,238.9,0.4777,0.2839,19.0,30504.81,0.0001,0.0,2.599e-05,-6.05e-05,4.304e-05,0.0001
2023-07-06 00:00:00+00:00,1925.08,241.5,0.4789,0.288,19.59,30803.19,0.0001,0.0,-5.476e-05,8.46e-06,-5.29e-06,0.0001
2023-07-06 08:00:00+00:00,1888.67,238.5,0.4696,0.2824,19.71,30407.01,0.0001,0.0,0.0001,0.0001,0.0001,7.72e-05
2023-07-06 16:00:00+00:00,1846.17,232.2,0.4622,0.2784,19.61,29895.43,2.778e-05,0.0,3.422e-05,-0.00010415,0.0001,1.492e-05
2023-07-07 00:00:00+00:00,1856.4,233.1,0.4631,0.2796,19.46,30007.4,7.449e-05,-0.00046009,-8.686e-05,2.08e-05,0.0001,6.98e-06
2023-07-07 08:00:00+00:00,1872.03,235.7,0.4673,0.2841,21.23,30390.83,3.362e-05,-0.00016651,4.022e-05,-5.143e-05,8.838e-05,4.221e-05
2023-07-07 16:00:00+00:00,1870.91,235.6,0.4687,0.2844,21.5,30344.7,2.585e-05,-9.253e-05,0.0001,4.86e-06,-0.00022841,-6.58e-06
2023-07-08 00:00:00+00:00,1861.69,235.9,0.4671,0.2847,21.99,30193.36,3.796e-05,-9.236e-05,-7.751e-05,-1.521e-05,-5.703e-05,3.757e-05
2023-07-08 08:00:00+00:00,1859.44,236.7,0.4692,0.289,21.52,30208.0,1.339e-05,-7.741e-05,2.366e-05,-0.00019778,1.315e-05,2.631e-05
2023-07-08 16:00:00+00:00,1865.24,236.3,0.4704,0.2907,21.81,30284.63,-4.17e-06,0.0,0.0001,2.541e-05,0.0001,1.686e-05
2023-07-09 00:00:00+00:00,1867.42,234.6,0.4695,0.2862,21.56,30265.0,3.226e-05,-4.91e-06,0.0001,3.41e-06,-0.00011345,5.707e-05
2023-07-09 08:00:00+00:00,1866.12,234.3,0.4696,0.2863,21.25,30349.47,2.878e-05,0.0,5.452e-05,-1.152e-05,1.049e-05,6.821e-05
2023-07-09 16:00:00+00:00,1862.8,234.1,0.468,0.2844,21.32,30160.71,3.18e-05,-8.229e-05,2.817e-05,-8.69e-06,0.0001,6.153e-05
2023-07-10 00:00:00+00:00,1856.19,232.5,0.4684,0.2832,20.74,30112.1,2.726e-05,-0.00012524,6.181e-05,-3.259e-05,0.0001,-2.182e-05
2023-07-10 08:00:00+00:00,1871.09,245.6,0.4726,0.2879,21.15,30312.81,4.524e-05,-4.39e-06,2.172e-05,-5.9e-05,0.0001,4.85e-05
2023-07-10 16:00:00+00:00,1880.4,246.2,0.478,0.2878,21.3,30411.57,7.179e-05,-0.00012535,0.0001,0.0001,-5.346e-05,2.995e-05
2023-07-11 00:00:00+00:00,1883.0,247.1,0.4763,0.2915,22.11,30535.38,9.527e-05,-0.00025923,-4.24e-06,0.0001,-0.00013561,8.01e-05
2023-07-11 08:00:00+00:00,1871.69,247.5,0.4743,0.2905,22.13,30596.45,7.653e-05,-0.00074001,0.0001,0.0001,-2.651e-05,8.265e-05
2023-07-11 16:00:00+00:00,1878.3,248.6,0.4753,0.2927,22.07,30622.1,2.549e-05,-0.00074761,0.0001,0.0001,2.775e-05,3.954e-05
2023-07-12 00:00:00+00:00,1890.6,249.6,0.4754,0.2936,22.03,30740.0,8.29e-05,-0.00035487,4.688e-05,0.0001,1.497e-05,7.041e-05
2023-07-12 08:00:00+00:00,1883.78,244.3,0.471,0.2907,22.42,30524.63,0.0001,-0.0006544,4.984e-05,0.0001,-2.714e-05,6.479e-05
2023-07-12 16:00:00+00:00,1871.82,243.9,0.471,0.289,21.94,30380.0,7.32e-05,-0.00059837,0.0001,0.0001,4.12e-05,4.65e-05
2023-07-13 00:00:00+00:00,1870.36,244.3,0.4714,0.2863,21.76,30366.02,-8.22e-06,-0.00108561,-8.809e-05,-9.71e-06,9.789e-05,-1.135e-05
2023-07-13 08:00:00+00:00,1932.8,251.0,0.5905,0.3112,24.06,30917.48,5.591e-05,-0.00074145,7.421e-05,0.0001,-6.37e-06,6.12e-05
2023-07-13 16:00:00+00:00,2004.49,256.1,0.8153,0.3567,26.01,31454.23,-4.55e-05,-0.00082611,-7.161e-05,-0.00021565,-0.00021919,5.29e-06
2023-07-14 00:00:00+00:00,1991.21,255.6,0.7698,0.3526,28.71,31098.74,0.0001,0.0,0.00025851,0.0001,0.0001,0.0001
2023-07-14 08:00:00+00:00,1998.51,256.6,0.7777,0.3472,28.17,31240.48,0.0001,-0.00042246,0.0001,0.0001,0.00029523,0.0001
2023-07-14 16:00:00+00:00,1937.83,248.1,0.7179,0.3277,26.67,30312.01,0.0001,-0.00049717,0.00027435,0.0001,0.00017912,0.0001
2023-07-15 00:00:00+00:00,1941.86,250.1,0.7251,0.3348,28.73,30338.0,-1.31e-06,-0.00116654,0.0001,0.0001,0.0001,-7.313e-05
2023-07-15 08:00:00+00:00,1934.81,250.4,0.7233,0.3309,27.56,30303.41,8.11e-05,-0.00054039,0.0001,0.0001,0.0001,3.007e-05
2023-07-15 16:00:00+00:00,1931.41,251.1,0.7145,0.326,27.46,30289.52,8.792e-05,-0.000673,0.0001,0.0001,0.0001,2.984e-05
2023-07-16 08:00:00+00:00,1936.81,248.7,0.7712,0.3211,28.1,30379.95,4.632e-05,-0.00077424,0.0001,-5.582e-05,0.0001,7.772e-05
2023-07-16 16:00:00+00:00,1922.11,242.3,0.7468,0.3146,27.42,30231.99,4.081e-05,-0.00076813,0.0001,-0.00016704,0.0001,4.583e-05
2023-07-17 00:00:00+00:00,1928.69,242.7,0.7495,0.3167,27.64,30281.0,2.809e-05,-0.00180248,0.0001,-0.00019308,0.0001,2.785e-05
2023-07-17 08:00:00+00:00,1908.81,243.7,0.739,0.3133,27.01,30174.83,2.313e-05,-0.00025688,0.0001,-2.597e-05,0.0001,6.278e-05
2023-07-17 16:00:00+00:00,1911.2,244.1,0.7374,0.3118,26.8,30138.0,3.963e-05,-0.00034131,0.0001,0.0001,0.0001,6.261e-05
2023-07-18 00:00:00+00:00,1898.99,241.1,0.7414,0.3063,25.71,29968.13,6.696e-05,-0.00013206,5.528e-05,0.0001,9.171e-05,3.983e-05
2023-07-18 08:00:00+00:00,1897.2,240.1,0.758,0.3047,25.53,29912.0,8.539e-05,-0.00037172,0.0001,0.0001,0.0001,6.798e-05
2023-07-18 16:00:00+00:00,1897.21,240.2,0.7779,0.3095,25.54,29859.13,7.161e-05,0.0,0.0001,0.0001,0.0001,7.477e-05
2023-07-19 00:00:00+00:00,1908.61,242.5,0.7892,0.3158,26.21,30000.68,6.538e-05,0.0,0.0001,0.0001,0.0001,0.0001
2023-07-19 08:00:00+00:00,1906.31,241.0,0.8002,0.3127,26.37,29956.46,0.0001,0.00014002,0.0001,0.0001,0.0001,5.224e-05
2023-07-20 00:00:00+00:00,1912.52,243.9,0.8177,0.3255,26.87,30202.77,-2.41e-06,4.559e-05,0.0001,5.928e-05,7.165e-05,2.652e-05
2023-07-20 08:00:00+00:00,1888.61,241.7,0.7874,0.3176,25.69,29810.18,9.217e-05,0.00013033,8.272e-05,0.0001,0.0001,9.641e-05
2023-07-20 16:00:00+00:00,1891.59,242.8,0.7942,0.3161,25.38,29800.0,0.0001,0.0,6.09e-05,0.0001,0.0001,5.563e-05
2023-07-21 08:00:00+00:00,1891.07,244.0,0.7756,0.3139,25.31,29866.0,4.73e-06,2.789e-05,0.0001,0.0001,-1.51e-06,7.77e-06
2023-07-21 16:00:00+00:00,1891.73,243.7,0.7713,0.3127,25.5,29901.72,7.376e-05,0.0002497,3.883e-05,0.0001,7.977e-05,3.717e-05
2023-07-22 00:00:00+00:00,1891.78,243.7,0.7741,0.3129,25.77,29944.77,5.769e-05,0.00013559,-1.274e-05,0.0001,2.099e-05,2.195e-05
2023-07-22 08:00:00+00:00,1888.65,242.8,0.7674,0.3137,25.68,29900.24,-4.15e-06,6.965e-05,0.0001,0.0001,0.0001,9.44e-06
2023-07-22 16:00:00+00:00,1866.52,241.1,0.7331,0.31,24.52,29794.0,1.649e-05,0.0,0.0001,0.0001,0.0001,1.77e-06
2023-07-23 00:00:00+00:00,1875.04,242.6,0.7382,0.316,24.68,29916.0,1.578e-05,0.0,0.0001,0.0001,8.045e-05,2.908e-05
2023-07-23 08:00:00+00:00,1873.96,242.2,0.7403,0.3144,24.69,29897.64,3.411e-05,8.296e-05,3.035e-05,0.0001,6.786e-05,0.0001
2023-07-23 16:00:00+00:00,1888.73,242.5,0.7384,0.3171,24.76,30083.75,5.404e-05,7.037e-05,7.139e-05,0.0001,0.0001,9.372e-05
2023-07-24 00:00:00+00:00,1874.99,241.9,0.724,0.3148,24.58,29828.0,0.0001,0.0,1.397e-05,0.0001,5.539e-05,0.0001
2023-07-24 08:00:00+00:00,1843.09,236.9,0.6943,0.3026,23.21,29093.78,-8e-07,1.192e-05,0.0001,0.0001,8.79e-05,4.338e-05
2023-07-24 16:00:00+00:00,1850.0,238.9,0.7021,0.3053,23.37,29176.5,7.167e-05,0.0,8.178e-05,0.0001,0.0001,0.0001
2023-07-25 00:00:00+00:00,1850.73,237.1,0.6802,0.3034,23.09,29142.46,8.389e-05,0.0,2.9e-07,0.0001,2.921e-05,7.702e-05
2023-07-25 08:00:00+00:00,1858.04,237.4,0.7004,0.3044,23.22,29181.51,0.0001,8.855e-05,0.0001,0.0001,4.666e-05,6.913e-05
2023-07-25 16:00:00+00:00,1857.66,237.7,0.7089,0.3037,23.27,29228.91,7.49e-05,0.0,2.118e-05,0.0001,-2.252e-05,9.465e-05
2023-07-26 00:00:00+00:00,1853.13,237.6,0.7005,0.3018,23.48,29216.61,9.056e-05,0.0,7.21e-06,0.0001,9.281e-05,9.451e-05
2023-07-26 16:00:00+00:00,1872.0,239.0,0.7161,0.3069,25.17,29351.96,9.889e-05,0.0,8.492e-05,0.0001,4.654e-05,5.768e-05
2023-07-27 00:00:00+00:00,1871.88,242.1,0.7116,0.3108,25.02,29412.17,0.0001,0.0,5.7e-07,0.0001,0.0001,3.136e-05
2023-07-27 08:00:00+00:00,1868.66,240.7,0.7215,0.3087,25.16,29292.01,8.145e-05,4.979e-05,0.0001,0.0001,2.473e-05,3.83e-05
2023-07-28 00:00:00+00:00,1859.22,240.8,0.706,0.3078,24.63,29140.8,4.95e-05,1.6e-05,0.0001,0.0001,0.0001,4.373e-05
2023-07-28 08:00:00+00:00,1875.22,241.6,0.7126,0.311,25.23,29387.99,5.36e-05,0.0,0.0001,0.0001,0.0001,6.675e-05
2023-07-28 16:00:00+00:00,1874.19,241.9,0.712,0.3099,24.82,29314.14,9.408e-05,5.712e-05,0.0001,0.0001,0.0001,0.0001
2023-07-29 00:00:00+00:00,1872.19,241.5,0.7115,0.3106,25.07,29295.01,0.0001,0.0,0.0001,0.0001,0.0001,0.0001
2023-07-29 08:00:00+00:00,1872.72,241.9,0.7083,0.3107,25.08,29292.34,1.485e-05,0.0,0.0001,0.0001,0.0001,4.567e-05
2023-07-30 00:00:00+00:00,1875.29,242.6,0.7102,0.3147,24.93,29294.31,0.0001,4.905e-05,0.0001,0.0001,0.0001,8.151e-05
2023-07-30 08:00:00+00:00,1876.43,243.0,0.7149,0.3139,24.9,29349.37,1.949e-05,8.003e-05,0.0001,0.0001,9.213e-05,5.56e-05
2023-07-30 16:00:00+00:00,1861.79,242.5,0.7046,0.3156,24.25,29281.09,3.686e-05,0.00011335,0.0001,0.0001,0.0001,4.357e-05
2023-07-31 00:00:00+00:00,1865.33,243.3,0.7049,0.3124,24.49,29373.61,4.9e-07,9.227e-05,9.11e-05,0.0001,9.232e-05,2.369e-05
2023-07-31 08:00:00+00:00,1857.37,242.2,0.6966,0.3117,23.92,29247.98,1.7e-06,7.364e-05,0.0001,0.0001,-2.568e-05,7.362e-05
2023-08-01 00:00:00+00:00,1834.19,245.4,0.6902,0.3048,23.48,28937.3,8.008e-05,0.0,-2.746e-05,0.0001,0.0001,6.3e-05
2023-08-01 08:00:00+00:00,1834.58,245.2,0.694,0.3053,23.27,28954.0,3.03e-05,7.317e-05,0.0001,0.0001,7.943e-05,6.768e-05
2023-08-01 16:00:00+00:00,1873.47,247.7,0.7069,0.3103,24.05,29705.99,0.0001,6.759e-05,0.0001,0.0001,6.97e-05,0.0001
2023-08-02 00:00:00+00:00,1857.08,244.6,0.6948,0.3058,23.64,29577.26,0.0001,0.0,0.0001,0.0001,1.932e-05,0.0001
2023-08-02 08:00:00+00:00,1842.42,243.2,0.6873,0.303,23.26,29321.4,0.0001,0.0,0.0001,0.0001,1.057e-05,0.0001
2023-08-02 16:00:00+00:00,1839.9,240.7,0.685,0.2993,23.15,29186.01,0.0001,0.0,0.0001,0.0001,3.245e-05,0.0001
2023-08-03 00:00:00+00:00,1832.16,239.3,0.6702,0.2953,22.71,29044.17,0.0001,0.0,8.37e-06,0.0001,-2.37e-05,0.0001
2023-08-03 08:00:00+00:00,1840.5,241.4,0.671,0.2966,22.79,29259.07,0.0001,0.0,0.0001,5.22e-05,0.0001,0.0001
2023-08-04 00:00:00+00:00,1837.8,242.1,0.6591,0.2928,22.97,29212.92,0.0001,0.0,0.0001,-9.918e-05,1.777e-05,8.116e-05
2023-08-04 08:00:00+00:00,1847.26,243.1,0.6635,0.296,23.35,29274.28,4.83e-05,0.0,0.0001,2.631e-05,9.93e-06,0.0001
2023-08-04 16:00:00+00:00,1830.23,241.7,0.6356,0.2935,22.8,29113.99,0.0001,0.0,0.0001,-6.334e-05,5.856e-05,0.0001
2023-08-05 00:00:00+00:00,1831.08,241.3,0.6236,0.2911,22.77,29052.81,6.861e-05,0.0,7.068e-05,0.0001,0.0001,4.181e-05
2023-08-05 08:00:00+00:00,1833.79,242.2,0.6244,0.2912,22.59,29041.49,9.22e-05,0.0,0.0001,0.0001,2.082e-05,0.0001
2023-08-06 00:00:00+00:00,1835.15,245.1,0.6331,0.2945,23.02,29092.68,0.0001,0.0,0.0001,0.0001,-3.498e-05,0.0001
2023-08-07 00:00:00+00:00,1836.87,242.8,0.6121,0.2925,23.15,29094.09,0.0001,0.0,0.0001,0.0001,0.0001,0.0001
2023-08-07 08:00:00+00:00,1818.18,241.1,0.6163,0.2893,22.77,28858.44,9.331e-05,0.0,0.0001,0.0001,7.203e-05,7.669e-05
2023-08-07 16:00:00+00:00,1829.1,242.1,0.6236,0.291,23.12,29211.06,0.0001,0.0,0.0001,0.0001,0.0001,0.0001
2023-08-08 00:00:00+00:00,1830.56,242.8,0.6222,0.291,23.23,29187.62,6.695e-05,0.0,7.537e-05,6.479e-05,7.405e-05,0.0001
2023-08-08 08:00:00+00:00,1843.58,244.8,0.629,0.2954,23.73,29535.39,0.0001,0.0,0.0001,0.0001,0.0001,9.136e-05
2023-08-08 16:00:00+00:00,1856.3,245.2,0.6418,0.2974,24.22,29770.42,4.942e-05,0.0,5.466e-05,0.0001,9.805e-05,5.944e-05
2023-08-09 00:00:00+00:00,1861.1,245.0,0.6449,0.2994,24.57,29818.0,0.0001,0.00015375,1.191e-05,0.0001,9.326e-05,8.11e-05
2023-08-09 08:00:00+00:00,1853.2,243.9,0.6545,0.298,24.56,29761.7,1.575e-05,0.0,8.745e-05,0.0001,7.15e-06,9.527e-05
2023-08-09 16:00:00+00:00,1855.35,243.8,0.6433,0.3013,24.38,29581.99,6.699e-05,0.0,-9.26e-06,0.0001,6.361e-05,8.877e-05
2023-08-10 08:00:00+00:00,1853.76,242.2,0.6315,0.2974,24.56,29466.0,9.807e-05,0.0,0.0001,0.0001,0.0001,0.0001
2023-08-10 16:00:00+00:00,1852.47,241.5,0.6331,0.2965,24.62,29455.75,8.989e-05,0.0,0.0001,0.0001,0.0001,8.277e-05
2023-08-11 00:00:00+00:00,1849.38,240.7,0.6319,0.2964,24.49,29417.28,3.796e-05,-0.00015036,0.0001,0.0001,5.018e-05,0.0001
2023-08-11 08:00:00+00:00,1845.8,238.8,0.6288,0.2943,24.55,29395.89,7.02e-06,-0.00026946,0.0001,0.0001,0.0001,0.0001
2023-08-11 16:00:00+00:00,1848.84,239.7,0.6318,0.2933,24.62,29426.03,4.072e-05,-0.00023724,0.0001,0.0001,0.0001,7.123e-05
2023-08-12 00:00:00+00:00,1850.69,240.7,0.6304,0.2941,24.54,29421.49,6.253e-05,-0.00022644,0.0001,0.0001,0.0001,0.0001
2023-08-12 08:00:00+00:00,1850.83,240.6,0.6308,0.2938,24.66,29438.81,4.437e-05,-0.00015777,0.0001,8.895e-05,0.0001,0.0001
2023-08-12 16:00:00+00:00,1849.93,240.3,0.6276,0.2919,24.91,29430.17,6.868e-05,-0.00020833,0.0001,0.0001,0.0001,9.305e-05
2023-08-13 00:00:00+00:00,1850.0,240.3,0.6292,0.2907,24.77,29396.36,5.65e-05,-0.00029203,7.326e-05,1.272e-05,7.464e-05,0.0001
2023-08-13 08:00:00+00:00,1848.01,240.4,0.6281,0.2907,24.59,29374.2,3.083e-05,-0.00019929,0.0001,0.0001,5.155e-05,4.637e-05
2023-08-13 16:00:00+00:00,1840.73,240.2,0.6256,0.2894,24.23,29303.84,9.458e-05,-6.14e-06,0.0001,0.0001,0.0001,0.0001
2023-08-14 08:00:00+00:00,1853.41,241.0,0.6319,0.2917,24.82,29599.99,0.0001,-4.676e-05,0.0001,0.0001,7.157e-05,0.0001
2023-08-14 16:00:00+00:00,1845.5,240.4,0.6343,0.2906,25.18,29430.93,9.882e-05,-8.05e-06,0.0001,0.0001,3.069e-05,0.0001
2023-08-15 08:00:00+00:00,1840.4,239.1,0.6252,0.2881,24.72,29332.66,9.894e-05,-0.00020066,0.0001,3.884e-05,0.0001,0.0001
2023-08-15 16:00:00+00:00,1828.98,236.7,0.6104,0.282,23.9,29200.0,8.909e-05,0.0,0.0001,4.68e-06,0.0001,0.0001
2023-08-16 00:00:00+00:00,1827.26,234.8,0.6025,0.2795,23.45,29197.67,7.286e-05,-0.00044204,-5.006e-05,-0.00019925,0.0001,0.0001
2023-08-16 16:00:00+00:00,1807.81,232.0,0.5889,0.2747,22.82,28730.51,0.0001,-0.000444,7.775e-05,4.915e-05,5.907e-05,0.0001
2023-08-17 00:00:00+00:00,1799.96,231.1,0.5899,0.2767,23.25,28621.99,0.0001,-0.00027077,1.529e-05,-0.00036318,6.9e-07,0.0001
2023-08-17 08:00:00+00:00,1739.61,225.2,0.5762,0.2688,22.87,27934.02,7.426e-05,0.0,0.0001,-1.31e-05,0.0001,0.0001
2023-08-17 16:00:00+00:00,1681.49,218.1,0.5064,0.2553,21.66,26623.41,7.146e-05,-0.00018279,0.0001,1.978e-05,3.019e-05,0.0001
2023-08-18 00:00:00+00:00,1690.6,219.3,0.506,0.264,22.08,26429.99,-0.00017498,-0.00074175,0.0001,-0.00047631,-0.00029147,0.0001
2023-08-18 08:00:00+00:00,1660.71,217.0,0.5026,0.2627,21.6,26002.0,8.602e-05,-5.81e-05,-0.00017321,-0.00011373,-2.584e-05,-4.6e-07
2023-08-18 16:00:00+00:00,1661.59,216.1,0.5062,0.264,21.34,26054.0,2.951e-05,-0.00011733,9.69e-06,7.094e-05,8.169e-05,5.166e-05
2023-08-19 00:00:00+00:00,1661.29,215.9,0.5054,0.263,21.83,25917.99,-4.58e-05,-0.00029585,-7.377e-05,-0.00010557,-7.003e-05,-2.74e-06
2023-08-19 08:00:00+00:00,1683.38,217.3,0.5218,0.2688,21.97,26216.01,-7.861e-05,-0.00035101,-4.352e-05,-0.00016617,-5.498e-05,-3.22e-06
2023-08-19 16:00:00+00:00,1669.67,216.8,0.5199,0.2688,21.9,26100.01,-8.349e-05,-0.00012321,1.137e-05,-0.00012866,-6.27e-05,-5.286e-05
2023-08-20 00:00:00+00:00,1665.93,215.9,0.5283,0.2656,21.74,26088.44,-0.00011445,-1.186e-05,-4.824e-05,-2.568e-05,-6.623e-05,-3.069e-05
2023-08-20 08:00:00+00:00,1671.14,216.2,0.5389,0.2689,21.8,26106.83,-9.092e-05,-0.00012416,-4.429e-05,-0.00011671,-7.076e-05,-4.364e-05
2023-08-20 16:00:00+00:00,1685.24,216.5,0.5384,0.2703,21.77,26189.99,-1.625e-05,-0.00026855,3.362e-05,-2.911e-05,-3.023e-05,-1.93e-06
2023-08-21 00:00:00+00:00,1671.92,214.7,0.521,0.2674,21.35,26023.34,-4.01e-05,0.0,-1.442e-05,-3.554e-05,-3.625e-05,-2.797e-05
2023-08-21 08:00:00+00:00,1657.69,208.5,0.5108,0.2614,20.71,25939.59,-4.365e-05,-0.00034238,0.0001,8.023e-05,-7.183e-05,8.16e-06
2023-08-21 16:00:00+00:00,1667.55,210.4,0.5245,0.2628,21.2,26126.92,5.92e-06,-0.00073843,4.337e-05,-3.979e-05,-7.18e-06,-1.619e-05
2023-08-22 00:00:00+00:00,1666.64,209.8,0.5187,0.2618,21.18,26106.69,3.645e-05,-0.00011188,-0.0001097,7.069e-05,1.569e-05,-3.08e-06
2023-08-22 08:00:00+00:00,1649.88,205.6,0.5116,0.256,20.69,25936.61,-6.552e-05,-8.858e-05,6.518e-05,7.751e-05,5.112e-05,-1.928e-05
2023-08-22 16:00:00+00:00,1634.99,210.9,0.521,0.2588,20.59,26056.0,-3.757e-05,-0.00084222,-2.905e-05,-8.487e-05,2.087e-05,3.048e-05
2023-08-23 00:00:00+00:00,1645.3,216.4,0.5176,0.2601,20.75,26057.13,-2.059e-05,-0.0005188,-0.00010218,-0.00018627,-0.00012671,7.39e-06
2023-08-23 08:00:00+00:00,1657.37,215.4,0.5233,0.2629,20.92,26144.0,-1.6e-06,0.0,6.757e-05,-0.00017226,-3.319e-05,-1.02e-05
2023-08-23 16:00:00+00:00,1679.61,216.6,0.5301,0.2681,21.74,26432.72,3.34e-06,-6.038e-05,5.252e-05,7.035e-05,3.526e-05,3.247e-05
2023-08-24 00:00:00+00:00,1674.69,219.3,0.5281,0.2689,21.74,26477.38,2.659e-05,-0.00023809,-0.00015183,-4.452e-05,-7.433e-05,-2.822e-05
2023-08-24 08:00:00+00:00,1643.4,216.7,0.5151,0.2626,21.03,25996.34,-9.57e-06,0.0,3.618e-05,2.953e-05,-9.124e-05,2.506e-05
2023-08-24 16:00:00+00:00,1661.16,219.0,0.5187,0.2659,21.06,26180.05,-1.897e-05,0.0,2.895e-05,6.93e-05,-9.96e-06,4.9e-05
2023-08-25 00:00:00+00:00,1651.3,215.3,0.5098,0.2617,20.56,25980.5,-2.692e-05,0.0,-1.31e-06,1.121e-05,-8.674e-05,-6.59e-06
2023-08-25 08:00:00+00:00,1646.26,216.8,0.5163,0.2605,20.34,25932.01,-1.529e-05,0.0,7.44e-05,0.0001,-5.421e-05,2.802e-05
2023-08-25 16:00:00+00:00,1653.8,218.4,0.5258,0.2612,20.42,26060.01,4.98e-06,0.0,1.883e-05,7.975e-05,-0.00018382,5.218e-05
2023-08-26 00:00:00+00:00,1652.83,217.2,0.5213,0.2604,20.31,26050.81,3.56e-05,0.0,-3.058e-05,-8.456e-05,-0.00014373,3.82e-05
2023-08-26 08:00:00+00:00,1651.5,217.3,0.5254,0.2604,20.37,26054.0,-5.5e-07,0.0,0.0001,-0.00019121,-0.00024234,5.334e-05
2023-08-26 16:00:00+00:00,1647.04,216.5,0.5231,0.261,20.29,26017.37,-6.303e-05,0.0,3.415e-05,-9.864e-05,-0.00018306,2.096e-05
2023-08-27 00:00:00+00:00,1648.45,216.7,0.5273,0.2631,20.38,26043.61,3.99e-06,0.0,6.63e-05,-0.00012635,-0.00017578,9.9e-07
2023-08-27 08:00:00+00:00,1655.44,218.6,0.5272,0.2636,20.75,26122.15,1.535e-05,0.0,0.0001,-3.561e-05,-0.00011914,3.976e-05
2023-08-27 16:00:00+00:00,1658.33,218.4,0.5236,0.2634,20.79,26101.77,2.696e-05,0.0,2.477e-05,-0.00014813,-0.00016818,1.232e-05
2023-08-28 00:00:00+00:00,1641.47,216.2,0.5167,0.2599,20.39,25934.12,-1.76e-06,0.0,1.25e-06,-3.995e-05,-3.451e-05,-3.95e-06
2023-08-29 00:00:00+00:00,1647.48,217.6,0.5167,0.2627,20.27,26004.2,3.145e-05,0.0,1.32e-05,0.0001,8.373e-05,8.24e-06
2023-08-29 08:00:00+00:00,1714.99,228.2,0.5348,0.2738,21.32,27423.44,1.139e-05,0.0,0.0001,0.0001,5.29e-06,3.769e-05
2023-08-29 16:00:00+00:00,1729.42,226.9,0.5398,0.2726,21.79,27716.34,-0.0001273,0.0,-0.0002594,-5.182e-05,-0.00040362,-0.00010934
2023-08-30 00:00:00+00:00,1717.61,225.2,0.5322,0.2658,21.64,27436.25,7.488e-05,0.0,0.0001,0.0001,0.0001,4.868e-05
2023-08-30 08:00:00+00:00,1703.61,223.1,0.524,0.2629,20.84,27201.63,7.249e-05,0.0,0.0001,0.0001,2.088e-05,5.731e-05
2023-08-30 16:00:00+00:00,1705.23,223.8,0.5284,0.2654,20.82,27299.99,4.644e-05,0.0,3.076e-05,-0.00012719,8.869e-05,3.944e-05
2023-08-31 00:00:00+00:00,1706.41,223.5,0.5261,0.2653,20.78,27261.03,3.628e-05,0.0,-5.603e-05,5.37e-06,-5.589e-05,2.909e-05
2023-08-31 08:00:00+00:00,1689.0,221.5,0.5177,0.2591,20.33,26922.01,5.955e-05,0.0,0.0001,0.0001,-7.295e-05,6.859e-05
2023-08-31 16:00:00+00:00,1645.76,216.7,0.511,0.2554,19.74,25940.78,2.375e-05,0.0,0.0001,-1.184e-05,-9.89e-05,8.105e-05
2023-09-01 00:00:00+00:00,1646.26,214.2,0.5046,0.2561,19.8,25990.92,3.532e-05,0.0,-6.628e-05,-0.00015495,-0.00013928,2.583e-05
2023-09-01 08:00:00+00:00,1634.86,213.3,0.5016,0.2555,19.39,25811.0,-1.812e-05,0.0,6.763e-05,-7.657e-05,-9.007e-05,5.968e-05
2023-09-02 00:00:00+00:00,1631.7,214.2,0.4962,0.2554,19.58,25795.47,8.05e-06,0.0,-0.00014295,-7.791e-05,6.71e-06,4.998e-05
2023-09-02 08:00:00+00:00,1638.79,214.7,0.5006,0.2563,19.56,25894.76,-1.621e-05,0.0,3.46e-05,1.891e-05,-8.469e-05,1.937e-05
2023-09-02 16:00:00+00:00,1637.03,214.4,0.4988,0.2562,19.5,25869.51,6.05e-06,0.0,-7.812e-05,8.968e-05,-5.343e-05,-2.018e-05
2023-09-03 00:00:00+00:00,1635.59,214.6,0.5039,0.2557,19.52,25956.22,1.39e-05,0.0,-0.00010924,-0.00010247,-6.5e-07,4.839e-05
2023-09-03 08:00:00+00:00,1633.15,213.8,0.5018,0.2541,19.34,25873.5,-2.475e-05,0.0,-4.084e-05,-9.294e-05,-3.935e-05,2.35e-06
2023-09-03 16:00:00+00:00,1635.84,214.4,0.5047,0.2559,19.57,25971.21,-6.21e-06,0.0,4.355e-05,-0.00013287,-3.56e-05,2.89e-05
2023-09-04 00:00:00+00:00,1638.97,214.6,0.5039,0.2571,19.78,25964.96,-7.5e-07,0.0,4.344e-05,-0.00012162,-5.078e-05,2.69e-05
2023-09-04 08:00:00+00:00,1626.21,215.0,0.5035,0.2558,19.41,25814.23,-7.752e-05,0.0,1.747e-05,-6.065e-05,-7.224e-05,1.469e-05
2023-09-04 16:00:00+00:00,1630.51,215.2,0.5087,0.2561,19.52,25826.02,9.8e-06,0.0,5.333e-05,1.273e-05,8.919e-05,-1.059e-05
2023-09-05 00:00:00+00:00,1625.01,214.8,0.5048,0.257,19.4,25735.56,3.126e-05,0.0,1.818e-05,5.752e-05,1.756e-05,5.3e-07
2023-09-05 08:00:00+00:00,1636.62,215.2,0.5025,0.2577,20.41,25759.37,2.9e-06,0.0,0.0001,0.0001,-6.252e-05,1.975e-05
2023-09-05 16:00:00+00:00,1634.45,214.6,0.5056,0.2578,20.26,25792.1,9.77e-06,0.0,0.0001,2.954e-05,-0.00010758,3.366e-05
2023-09-06 00:00:00+00:00,1629.41,214.4,0.502,0.2559,19.74,25728.93,2.88e-05,0.0,-4.648e-05,3.801e-05,-1.341e-05,1.737e-05
2023-09-06 08:00:00+00:00,1623.44,213.6,0.4976,0.2551,19.38,25588.02,-3.144e-05,0.0,-3.04e-06,4.411e-05,8.04e-06,-2.763e-05
2023-09-07 00:00:00+00:00,1635.84,215.4,0.5,0.2567,19.55,25762.89,4.502e-05,0.0,4.63e-05,8.489e-05,-2.787e-05,3.83e-05
2023-09-07 08:00:00+00:00,1630.52,214.6,0.4994,0.2552,19.52,25779.35,7.831e-05,0.0,0.0001,0.0001,2.88e-06,3.883e-05
2023-09-07 16:00:00+00:00,1648.11,217.1,0.505,0.2579,19.92,26255.0,4.354e-05,0.0,8.703e-05,7.473e-05,3.3e-07,6.924e-05
2023-09-08 00:00:00+00:00,1646.88,217.0,0.5037,0.2583,19.9,26256.22,5.596e-05,0.0,-3.25e-05,8.974e-05,-8.527e-05,-1.525e-05
2023-09-08 08:00:00+00:00,1628.62,214.2,0.5016,0.2541,19.52,25844.64,2.685e-05,0.0,0.0001,8.269e-05,-0.00013966,5.12e-06
2023-09-08 16:00:00+00:00,1636.44,214.7,0.505,0.2544,19.61,25910.5,2.497e-05,0.0,-8.263e-05,-0.00013266,-0.00021132,-1.691e-05
2023-09-09 00:00:00+00:00,1634.54,215.2,0.5041,0.2555,19.46,25886.15,5.008e-05,0.0,1.218e-05,-0.00013847,-0.0001045,-5.057e-05
2023-09-09 08:00:00+00:00,1635.17,215.1,0.5041,0.2543,19.53,25894.09,2.832e-05,0.0,0.0001,1.098e-05,-0.00021188,-3.77e-06
2023-09-09 16:00:00+00:00,1635.54,214.1,0.5038,0.2533,19.44,25901.61,4.629e-05,0.0,7.971e-05,-1.037e-05,-0.00016996,1.423e-05
2023-09-10 00:00:00+00:00,1624.87,213.2,0.5,0.2494,18.53,25852.25,3.947e-05,0.0,0.0001,-0.0002666,-0.0002388,-7.3e-07
2023-09-10 08:00:00+00:00,1619.8,212.9,0.4964,0.2479,18.22,25775.01,1.527e-05,0.0,3.667e-05,-0.00015188,-0.00038599,3.294e-05
2023-09-10 16:00:00+00:00,1617.42,212.4,0.4969,0.249,18.24,25841.61,7.75e-06,0.0,7.004e-05,2.434e-05,-0.00047908,2.609e-05
2023-09-11 00:00:00+00:00,1612.23,211.3,0.4856,0.2466,18.19,25813.65,4.838e-05,0.0,2.615e-05,-5.843e-05,-0.00036941,-3e-06
2023-09-11 08:00:00+00:00,1562.65,206.5,0.4722,0.2425,17.84,25115.97,5.747e-05,0.0,-1.029e-05,-8.618e-05,-0.00022734,1.823e-05
2023-09-12 00:00:00+00:00,1580.05,209.7,0.475,0.2459,17.98,25822.71,-4.991e-05,0.0,-0.0002101,-2.203e-05,-3.978e-05,2.73e-05
2023-09-12 08:00:00+00:00,1603.85,212.8,0.4828,0.2488,18.0,26205.97,-2.671e-05,0.0,-5.124e-05,5.518e-05,-5.673e-05,5.425e-05
2023-09-12 16:00:00+00:00,1592.97,210.7,0.4804,0.2455,17.92,25840.1,-1.44e-06,0.0,-7.054e-05,6.238e-05,-7.381e-05,-3.502e-05
2023-09-13 00:00:00+00:00,1584.51,210.3,0.4749,0.2454,17.89,25879.91,2.004e-05,0.0,-0.00011569,1.665e-05,-0.00016024,2.342e-05
2023-09-13 08:00:00+00:00,1608.17,212.4,0.4831,0.2486,18.36,26241.31,-3.26e-05,0.0,1.408e-05,4.139e-05,-0.00017635,1.26e-05
2023-09-13 16:00:00+00:00,1607.62,212.5,0.4832,0.2487,18.4,26222.0,3.87e-05,0.0,5.529e-05,0.0001,-4.981e-05,3.099e-05
2023-09-14 00:00:00+00:00,1621.35,212.0,0.4813,0.2474,18.79,26344.45,-3.64e-05,0.0,2.745e-05,0.0001,-0.00016123,4.61e-06
2023-09-14 16:00:00+00:00,1626.47,212.2,0.4892,0.2513,18.85,26522.73,-5.6e-06,0.0,7.325e-05,2.42e-05,-0.00024678,-4.748e-05
2023-09-15 00:00:00+00:00,1627.85,211.9,0.4937,0.2511,19.08,26565.69,7.26e-06,0.0,1.115e-05,3.897e-05,-0.0002153,-2.641e-05
2023-09-15 08:00:00+00:00,1619.47,212.2,0.4936,0.2482,18.88,26321.21,-2.473e-05,-5.152e-05,8.71e-05,-3.143e-05,-0.00012046,-7.61e-06
2023-09-15 16:00:00+00:00,1641.29,214.1,0.5005,0.2505,19.14,26600.0,3.877e-05,0.0,9.687e-05,0.0001,-5.91e-06,7.561e-05
2023-09-16 00:00:00+00:00,1636.8,215.0,0.4991,0.2507,19.11,26494.5,0.0001,0.0,3.15e-06,-1.86e-05,1.257e-05,-1.381e-05
2023-09-16 08:00:00+00:00,1634.46,214.1,0.4993,0.2498,18.97,26507.12,9.3e-06,0.0,0.0001,0.0001,-5.38e-05,-4.32e-05
2023-09-16 16:00:00+00:00,1634.4,214.9,0.4998,0.2503,19.12,26559.67,2.24e-06,0.0,7.496e-05,-4.407e-05,-0.00014091,-3.161e-05
2023-09-17 00:00:00+00:00,1627.76,214.5,0.4947,0.2485,18.9,26495.93,2.272e-05,0.0,3.927e-05,-0.00015434,-0.00021514,8.97e-06
2023-09-17 08:00:00+00:00,1629.48,216.2,0.4998,0.2499,18.98,26549.98,-9.41e-06,0.0,7.401e-05,-2.06e-05,-7.124e-05,1.142e-05
2023-09-17 16:00:00+00:00,1622.48,216.5,0.4925,0.2471,18.81,26527.51,4.182e-05,0.0,7.21e-05,-5.422e-05,-5.427e-05,6.49e-06
2023-09-18 00:00:00+00:00,1634.01,216.9,0.4912,0.2483,19.13,26710.67,6.22e-06,0.0,-4.79e-06,-0.00018433,-0.00030943,-5.08e-06
2023-09-18 08:00:00+00:00,1655.36,219.5,0.5041,0.2542,19.95,27269.42,1.365e-05,0.0,0.0001,-7.946e-05,-7.847e-05,5.79e-06
2023-09-18 16:00:00+00:00,1636.66,216.0,0.503,0.2516,19.64,26762.51,2.976e-05,0.0,0.0001,0.0001,-0.00013976,-6.774e-05
2023-09-19 00:00:00+00:00,1636.16,216.9,0.5038,0.2525,19.79,26847.21,-1.298e-05,0.0,4.772e-05,3.045e-05,-5.9e-05,2.468e-05
2023-09-19 16:00:00+00:00,1643.12,217.2,0.514,0.2548,20.03,27210.26,1.153e-05,2.55e-05,0.0001,0.0001,0.0001,-1.756e-05
2023-09-20 00:00:00+00:00,1634.52,216.3,0.5141,0.2531,19.95,27105.62,4.614e-05,0.0,-5.987e-05,5.614e-05,-0.00014401,-2.614e-05
2023-09-20 08:00:00+00:00,1629.29,215.8,0.5178,0.2552,20.19,27180.63,2.387e-05,0.0,4.841e-05,5.948e-05,-8.143e-05,-3.777e-05
2023-09-20 16:00:00+00:00,1622.26,214.4,0.5212,0.2517,20.29,27125.0,2.909e-05,0.0,1.316e-05,6.75e-06,-9.609e-05,-9.91e-06
2023-09-21 08:00:00+00:00,1583.63,210.7,0.5051,0.2484,19.6,26584.02,7.655e-05,0.0,0.0001,-0.00018668,-6.489e-05,4.303e-05
2023-09-21 16:00:00+00:00,1583.94,210.8,0.5071,0.2449,19.46,26568.08,-6.38e-06,0.0,9.138e-05,-0.00013926,0.0001,7.429e-05
2023-09-22 00:00:00+00:00,1595.65,211.5,0.5117,0.2456,19.63,26674.8,2.241e-05,0.0,7.371e-05,8.523e-05,1.075e-05,-6.2e-07
2023-09-22 08:00:00+00:00,1593.43,210.7,0.5107,0.2444,19.47,26631.01,2.865e-05,0.0,0.0001,0.0001,1.389e-05,1.034e-05
2023-09-22 16:00:00+00:00,1593.08,211.1,0.5122,0.2449,19.43,26580.14,3.523e-05,0.0,0.0001,0.0001,4.359e-05,2.136e-05
2023-09-23 00:00:00+00:00,1594.45,210.8,0.512,0.2455,19.52,26585.31,2.817e-05,0.0,4.264e-05,0.0001,5.987e-05,6.676e-05
2023-09-23 08:00:00+00:00,1590.47,210.6,0.5099,0.2454,19.32,26581.55,2.963e-05,0.0,0.0001,0.0001,0.0001,1.556e-05
2023-09-23 16:00:00+00:00,1593.86,210.5,0.5076,0.2461,19.49,26575.96,2.321e-05,0.0,3.934e-05,0.0001,5.94e-05,2.09e-06
2023-09-24 00:00:00+00:00,1591.91,210.3,0.5081,0.2455,19.62,26563.44,2.991e-05,0.0,4.218e-05,0.0001,8.557e-05,-1.392e-05
2023-09-24 08:00:00+00:00,1590.64,210.7,0.5094,0.2452,19.53,26578.06,-5.58e-06,0.0,0.0001,0.0001,8.1e-06,4.721e-05
2023-09-24 16:00:00+00:00,1580.71,208.3,0.5021,0.2427,19.36,26248.38,4.671e-05,0.0,0.0001,0.0001,6.559e-05,2.887e-05
2023-09-25 00:00:00+00:00,1581.25,209.4,0.4962,0.2451,19.48,26189.21,2.857e-05,0.0,3.094e-05,0.0001,1.511e-05,-1.26e-05
2023-09-25 08:00:00+00:00,1584.64,209.0,0.4992,0.2451,19.57,26243.72,4.305e-05,0.0,0.0001,0.0001,-3.233e-05,8.565e-05
2023-09-25 16:00:00+00:00,1588.33,209.9,0.5056,0.2459,19.39,26304.81,5.13e-05,0.0,3.846e-05,0.0001,2.778e-05,4.792e-05
2023-09-26 00:00:00+00:00,1588.9,212.4,0.5019,0.2462,19.33,26272.01,6.471e-05,0.0,-1.372e-05,0.0001,1.913e-05,-3.91e-05
2023-09-26 08:00:00+00:00,1582.99,210.9,0.5004,0.2448,19.17,26126.66,1.558e-05,4.495e-05,5.469e-05,9.438e-05,-6.278e-05,-1.215e-05
2023-09-26 16:00:00+00:00,1594.01,212.6,0.5019,0.2455,19.03,26221.67,5.673e-05,5.343e-05,1.789e-05,7.848e-05,1.89e-05,5.626e-05
2023-09-27 00:00:00+00:00,1592.47,213.2,0.4998,0.2448,18.95,26246.34,0.0001,2.201e-05,-3.323e-05,0.0001,7.51e-05,9.944e-05
2023-09-27 16:00:00+00:00,1598.64,212.0,0.4993,0.2446,19.14,26372.99,4.982e-05,0.0,4.781e-05,0.0001,2.165e-05,2.074e-05
2023-09-28 00:00:00+00:00,1619.35,213.1,0.4974,0.2451,19.22,26459.99,8.17e-06,7.853e-05,7.45e-05,5.317e-05,-0.00025005,6.74e-06
2023-09-28 08:00:00+00:00,1652.58,215.6,0.505,0.2493,19.59,27020.0,4.301e-05,2.381e-05,0.0001,8.208e-05,4.959e-05,-1.581e-05
2023-09-28 16:00:00+00:00,1652.99,215.0,0.5098,0.2489,19.96,27021.39,2.239e-05,0.0,0.0001,0.0001,0.0001,-4.732e-05
2023-09-29 00:00:00+00:00,1686.2,216.9,0.5081,0.2522,20.27,27179.98,-3.93e-06,5.45e-06,5.692e-05,0.0001,-8.879e-05,-3.894e-05
2023-09-29 08:00:00+00:00,1672.25,215.9,0.5321,0.2549,20.34,26888.57,4.429e-05,0.0,0.0001,0.0001,3.522e-05,-2.567e-05
2023-09-29 16:00:00+00:00,1667.45,215.2,0.5215,0.2494,20.28,26906.96,1.2e-07,0.0,0.0001,5.024e-05,-8.995e-05,4.76e-06
2023-09-30 00:00:00+00:00,1671.94,214.5,0.5152,0.2503,20.31,26931.75,9.07e-06,0.0,4.835e-05,0.0001,-9.192e-05,6.43e-06
2023-09-30 08:00:00+00:00,1683.33,215.8,0.5167,0.2529,21.43,26996.29,-2.413e-05,0.0,9.904e-05,0.0001,-0.00013968,1.864e-05
2023-09-30 16:00:00+00:00,1670.89,214.6,0.5149,0.254,21.37,26962.56,1.168e-05,0.0,0.0001,0.0001,-0.00033235,1.525e-05
2023-10-01 00:00:00+00:00,1678.44,214.9,0.5178,0.2558,21.37,27107.95,-1.276e-05,0.0,0.0001,0.0001,-0.00015019,2.95e-06
2023-10-01 08:00:00+00:00,1684.03,215.7,0.5191,0.2604,23.1,27153.18,8.22e-06,7.729e-05,0.0001,0.0001,-0.00024577,-6.19e-06
2023-10-01 16:00:00+00:00,1733.79,218.2,0.5241,0.2659,23.87,27992.57,3.599e-05,9.797e-05,0.0001,6.517e-05,4.55e-05,-2.263e-05
2023-10-02 00:00:00+00:00,1730.42,219.9,0.5224,0.2665,24.33,28311.91,0.0001,5.97e-05,0.0001,4.196e-05,0.0001,5.831e-05
2023-10-02 08:00:00+00:00,1691.6,216.2,0.5175,0.2639,24.06,28026.31,6.308e-05,2.968e-05,8.613e-05,-3.202e-05,-5.358e-05,7.28e-06
2023-10-02 16:00:00+00:00,1662.4,214.6,0.5123,0.2591,23.37,27494.51,6.372e-05,3.182e-05,7.143e-05,-4.76e-05,7.399e-05,-1.477e-05
2023-10-03 00:00:00+00:00,1662.42,215.3,0.5101,0.2628,23.82,27540.64,3.9e-07,0.0,3.276e-05,8.874e-05,0.0001,4.172e-05
2023-10-03 08:00:00+00:00,1648.46,213.5,0.5078,0.2618,23.99,27345.0,1.728e-05,0.0,9.73e-05,7.462e-05,-9.329e-05,1.667e-05
2023-10-03 16:00:00+00:00,1656.88,213.5,0.539,0.261,23.6,27426.46,7.087e-05,0.0,9.28e-05,0.0001,-0.00016715,2.5e-05
2023-10-04 00:00:00+00:00,1644.77,212.2,0.5322,0.2564,23.17,27453.78,4.62e-05,0.0,-1.633e-05,6.572e-05,-0.00020449,6.031e-05
2023-10-04 08:00:00+00:00,1632.63,211.8,0.5288,0.2554,22.69,27404.22,7.38e-06,0.0,9.41e-05,0.0001,-0.00014362,6.2e-05
2023-10-04 16:00:00+00:00,1646.58,213.4,0.5326,0.2589,23.13,27778.57,2.618e-05,0.0,0.0001,3.181e-05,1.008e-05,-2.857e-05
2023-10-05 00:00:00+00:00,1636.07,212.4,0.5232,0.2579,23.01,27607.98,2.065e-05,0.0,-4.955e-05,5.45e-05,-0.00019583,-3.807e-05
2023-10-05 08:00:00+00:00,1618.3,211.2,0.5189,0.26,22.8,27555.0,2.685e-05,5.114e-05,0.0001,6.92e-06,-0.00010441,-4.268e-05
2023-10-06 00:00:00+00:00,1630.89,212.5,0.5199,0.2637,23.34,27638.52,0.0001,0.0,-7.83e-06,0.0001,-0.00014401,-1.106e-05
2023-10-06 08:00:00+00:00,1642.86,212.6,0.5245,0.2642,23.51,27941.12,8.473e-05,5.307e-05,7.523e-05,5.373e-05,-1.702e-05,1.436e-05
2023-10-06 16:00:00+00:00,1645.03,213.4,0.5255,0.2646,23.41,27931.09,5.905e-05,0.0,0.0001,7.001e-05,6.028e-05,-3.149e-05
2023-10-07 00:00:00+00:00,1636.78,213.4,0.5225,0.2604,23.53,27890.8,8.468e-05,0.0,-9.48e-06,0.0001,1.517e-05,2.124e-05
2023-10-07 08:00:00+00:00,1638.55,212.6,0.5226,0.2589,23.34,27939.8,3.736e-05,5.017e-05,0.0001,0.0001,-3.624e-05,2.849e-05
2023-10-07 16:00:00+00:00,1633.57,212.3,0.5216,0.2587,23.3,27956.67,3.615e-05,0.0,1.9e-05,0.0001,-0.00013829,2.083e-05
2023-10-08 00:00:00+00:00,1628.88,211.6,0.5217,0.2563,23.33,27905.61,9.048e-05,5.667e-05,9.922e-05,0.0001,-7.284e-05,3.14e-06
2023-10-08 16:00:00+00:00,1632.84,211.4,0.5174,0.2563,23.22,27917.05,9.791e-05,0.0,5.941e-05,9.134e-05,-2.324e-05,5.163e-05
2023-10-09 00:00:00+00:00,1620.73,211.0,0.5145,0.2569,22.99,27813.27,0.0001,0.0,6.01e-05,1.833e-05,-2.043e-05,3.992e-05
2023-10-09 08:00:00+00:00,1586.29,206.8,0.4986,0.2506,22.2,27443.31,6.572e-05,0.0,4.411e-05,0.0001,-0.00010232,3.515e-05
2023-10-09 16:00:00+00:00,1580.13,205.8,0.5027,0.2513,22.1,27590.12,3.935e-05,0.0,-0.00012776,-8.321e-05,-8.685e-05,7.838e-05
2023-10-10 00:00:00+00:00,1590.23,208.6,0.5001,0.2525,22.33,27651.45,6.268e-05,0.0,-0.00013479,9.1e-05,-0.00026515,6.349e-05
2023-10-10 08:00:00+00:00,1567.84,207.3,0.4943,0.2479,21.98,27408.01,8.857e-05,0.0,-7.429e-05,9.257e-05,-0.00011672,1.894e-05
2023-10-10 16:00:00+00:00,1567.63,208.6,0.4965,0.249,22.11,27390.12,5.511e-05,0.0,7.925e-05,5.742e-05,-4.739e-05,4.548e-05
2023-10-11 00:00:00+00:00,1557.01,206.1,0.4825,0.2456,22.02,27021.95,2.257e-05,0.0,-6.292e-05,7.329e-05,-8.746e-05,5.918e-05
2023-10-11 08:00:00+00:00,1559.44,205.3,0.4832,0.2466,21.99,26779.46,5.392e-05,0.0,0.0001,0.0001,-1.27e-05,8.33e-05
2023-10-11 16:00:00+00:00,1566.87,206.6,0.4888,0.2481,22.01,26875.52,4.725e-05,0.0,5.183e-05,8.775e-05,-0.00010217,6.319e-05
2023-10-12 00:00:00+00:00,1559.32,205.4,0.482,0.2458,21.64,26810.66,4.026e-05,0.0,-3.108e-05,0.0001,-5.206e-05,0.0001
2023-10-12 08:00:00+00:00,1541.67,205.6,0.4779,0.2447,21.27,26675.0,2.69e-05,0.0,3.995e-05,7.215e-05,5.051e-05,2.661e-05
2023-10-12 16:00:00+00:00,1539.61,205.1,0.483,0.246,21.28,26759.63,7.112e-05,0.0,0.0001,0.0001,-4.469e-05,7.304e-05
2023-10-13 00:00:00+00:00,1549.55,206.3,0.4826,0.2464,21.39,26875.0,3.69e-05,0.0,8.69e-05,9.671e-05,-4.739e-05,2.294e-05
2023-10-13 08:00:00+00:00,1539.64,205.6,0.4811,0.2465,21.43,26706.83,3.476e-05,0.0,5.762e-05,8.719e-05,-7.419e-05,2.039e-05
2023-10-13 16:00:00+00:00,1552.16,206.1,0.4851,0.2458,21.84,26862.0,2.693e-05,0.0,0.0001,-7.25e-06,-7.301e-05,2.326e-05
2023-10-14 00:00:00+00:00,1547.78,206.3,0.4838,0.2451,22.05,26868.8,1.068e-05,0.0,2.301e-05,-3.828e-05,-0.00015669,1.05e-06
2023-10-14 08:00:00+00:00,1556.23,206.8,0.4875,0.2476,22.08,26942.56,3.108e-05,0.0,5.873e-05,-7.121e-05,-0.0003452,2.211e-05
2023-10-14 16:00:00+00:00,1554.94,206.5,0.4865,0.247,22.0,26852.48,6.65e-05,0.0,0.0001,7.798e-05,-4.015e-05,2.456e-05
2023-10-15 00:00:00+00:00,1554.95,207.4,0.4864,0.2476,21.94,26882.52,7.083e-05,0.0,6.883e-05,0.0001,-7.073e-05,-1.509e-05
2023-10-15 08:00:00+00:00,1553.89,209.3,0.487,0.2461,21.73,26898.87,5.253e-05,0.0,8.294e-05,0.0001,-1.29e-06,4.292e-05
2023-10-15 16:00:00+00:00,1557.77,209.7,0.4874,0.2473,21.93,27154.15,2.062e-05,0.0,9.985e-05,-5.584e-05,2.222e-05,2.224e-05
2023-10-16 00:00:00+00:00,1578.73,212.8,0.4933,0.2519,22.82,27849.06,5.18e-05,0.0,7.8e-06,1.477e-05,-0.00010829,5.11e-06
2023-10-16 08:00:00+00:00,1577.6,212.7,0.4921,0.2501,23.15,28064.16,4.393e-05,0.0,4.081e-05,8.026e-05,-6.321e-05,2.8e-07
2023-10-16 16:00:00+00:00,1599.42,214.6,0.4978,0.2513,23.95,28500.78,8.412e-05,1.842e-05,0.0001,-3.201e-05,-0.00013087,9.644e-05
2023-10-17 00:00:00+00:00,1590.38,213.6,0.4915,0.2506,24.09,28430.63,1.957e-05,7.755e-05,1.235e-05,-1.978e-05,8.45e-06,2.04e-06
2023-10-17 08:00:00+00:00,1575.51,212.1,0.4902,0.2474,23.89,28461.72,2.557e-05,0.00010058,0.0001,-4.308e-05,-0.00014135,1.493e-05
2023-10-17 16:00:00+00:00,1565.01,211.4,0.4912,0.2463,23.93,28395.91,6.742e-05,0.0,0.0001,-1.622e-05,2.264e-05,-2.311e-05
2023-10-18 00:00:00+00:00,1572.47,212.5,0.4891,0.2463,23.89,28494.55,5.947e-05,0.0,1.705e-05,-0.00011015,7.478e-05,-3.343e-05
2023-10-18 08:00:00+00:00,1570.1,211.7,0.4873,0.245,23.68,28247.45,1.385e-05,0.0,8.668e-05,-4.552e-05,-2.937e-05,-1.216e-05
2023-10-18 16:00:00+00:00,1563.44,210.2,0.4878,0.243,23.42,28320.0,6.495e-05,0.0,8.866e-05,-8.345e-05,9.438e-05,1.644e-05
2023-10-19 00:00:00+00:00,1551.91,210.1,0.4799,0.242,23.86,28330.82,4.251e-05,0.0,-9.86e-06,-4.499e-05,1.267e-05,-1.028e-05
2023-10-19 16:00:00+00:00,1566.57,211.2,0.5197,0.2469,24.93,28713.71,5.842e-05,0.0,-7.16e-06,-7.883e-05,-0.00018428,-0.00011006
2023-10-20 00:00:00+00:00,1583.5,212.4,0.5096,0.2483,26.24,29240.51,3.868e-05,6.957e-05,-6.544e-05,8.48e-06,-1.42e-05,-9.272e-05
2023-10-20 16:00:00+00:00,1603.89,212.1,0.5149,0.2512,27.03,29669.04,7.072e-05,4.644e-05,0.0001,-2.747e-05,-6.18e-06,2.687e-05
2023-10-21 00:00:00+00:00,1606.59,212.8,0.5174,0.2525,28.08,29695.8,4.902e-05,0.0,-1.113e-05,-8.124e-05,-8.888e-05,-1.585e-05
2023-10-21 08:00:00+00:00,1628.7,214.3,0.5235,0.2597,29.04,29937.36,1.735e-05,4.906e-05,7.845e-05,0.0001,-9.934e-05,4.374e-05
2023-10-21 16:00:00+00:00,1628.94,214.2,0.5208,0.2586,29.32,29909.8,3.771e-05,0.00013226,5.525e-05,0.0001,6.969e-05,5.827e-05
2023-10-22 00:00:00+00:00,1630.3,214.3,0.5164,0.2575,28.8,29816.26,7.554e-05,0.00014634,0.0001,0.0001,-9.897e-05,2.567e-05
2023-10-22 08:00:00+00:00,1625.75,214.2,0.5184,0.2574,28.43,29825.6,2.649e-05,5.499e-05,9.874e-05,9.35e-06,-4.073e-05,2.579e-05
2023-10-22 16:00:00+00:00,1663.7,217.8,0.5226,0.2639,29.05,29992.46,6.03e-06,0.00010372,3.21e-05,4.123e-05,5.08e-05,3.115e-05
2023-10-23 00:00:00+00:00,1676.15,219.5,0.5238,0.2633,30.1,30518.02,9.262e-05,0.00016356,0.0001,6.354e-05,2.37e-06,8.25e-05
2023-10-24 00:00:00+00:00,1808.99,227.6,0.5404,0.28,31.25,33999.98,0.0001,0.00018908,0.0001,0.0001,0.0001,0.0001
2023-10-24 08:00:00+00:00,1778.19,223.9,0.5539,0.2778,30.89,33668.9,0.0001,0.00012343,0.0001,0.0001,0.0001,0.0001
2023-10-24 16:00:00+00:00,1784.98,225.2,0.5588,0.2792,30.17,33922.73,0.0001,8.84e-05,0.0001,0.0001,0.0001,0.0001
2023-10-25 00:00:00+00:00,1769.23,224.9,0.5439,0.2782,30.96,33857.53,0.0001,9.778e-05,0.0001,0.0001,0.0001,0.0001
2023-10-25 08:00:00+00:00,1806.24,227.3,0.5585,0.2884,33.41,34839.8,0.0001,7.814e-05,0.0001,0.0001,0.0001,0.0001
2023-10-26 08:00:00+00:00,1778.24,221.1,0.5475,0.2858,31.32,34044.43,0.0001,0.0003727,0.0001,0.0001,0.0001,0.0001
2023-10-26 16:00:00+00:00,1803.38,223.2,0.5533,0.2872,32.77,34151.66,0.0001,8.304e-05,0.0001,0.0001,4.969e-05,0.0001
2023-10-27 00:00:00+00:00,1776.77,223.2,0.5453,0.2818,32.34,33942.0,0.0001,8.69e-05,0.0001,0.0001,0.0001,0.0001
2023-10-27 08:00:00+00:00,1782.8,226.1,0.5547,0.2918,32.21,33999.48,0.0001,0.00020316,0.0001,0.0001,0.0001,0.0001
2023-10-27 16:00:00+00:00,1779.4,224.1,0.543,0.2893,31.73,33892.02,0.0001,0.00016698,0.0001,0.0001,0.0001,0.0001
2023-10-28 00:00:00+00:00,1787.55,227.3,0.5449,0.2933,32.28,34044.99,0.0001,5.912e-05,0.0001,0.0001,0.0001,0.0001
2023-10-28 16:00:00+00:00,1776.2,225.7,0.5446,0.2909,31.63,34081.0,0.0001,0.0,0.0001,0.0001,0.0001,0.0001
2023-10-29 00:00:00+00:00,1783.11,225.8,0.547,0.2921,32.29,34076.61,0.0001,1.209e-05,0.0001,0.0001,0.0001,0.0001
2023-10-29 08:00:00+00:00,1792.19,226.5,0.5565,0.2967,32.63,34449.99,0.0001,2.392e-05,0.0001,0.0001,0.0001,0.0001
2023-10-29 16:00:00+00:00,1795.14,227.1,0.5561,0.2954,32.83,34525.89,0.0001,0.00011465,0.0001,0.0001,0.0001,0.0001
2023-10-30 00:00:00+00:00,1787.15,226.0,0.5528,0.2935,32.56,34193.46,0.0001,0.00011571,0.0001,0.0001,0.0001,0.0001
2023-10-30 08:00:00+00:00,1819.54,228.4,0.5779,0.3017,35.04,34656.32,0.0001,0.0,0.0001,0.0001,9.376e-05,0.0001
2023-10-30 16:00:00+00:00,1809.04,228.0,0.578,0.3031,34.94,34474.73,0.0001,0.00021025,0.00011666,0.0001,0.0001,0.0001
2023-10-31 08:00:00+00:00,1791.46,224.4,0.5951,0.2895,36.1,34272.19,0.0001,9.373e-05,0.0001,0.0001,0.0001,0.0001
2023-10-31 16:00:00+00:00,1814.67,226.2,0.5996,0.293,38.4,34639.77,0.0001,6.436e-05,0.0001,0.0001,4.712e-05,0.0001
2023-11-01 00:00:00+00:00,1804.64,224.5,0.5986,0.2874,38.46,34451.28,0.0001,3.32e-05,0.0001,0.0001,5.676e-05,0.0001
2023-11-01 08:00:00+00:00,1792.3,223.2,0.597,0.2886,40.66,34291.94,0.0001,9.291e-05,0.0001,0.0001,-4.06e-05,0.0001
2023-11-01 16:00:00+00:00,1846.99,227.9,0.6085,0.3071,41.15,35421.43,0.0001,6.57e-06,0.0001,0.0001,-0.00041129,0.0001
2023-11-02 08:00:00+00:00,1803.2,229.6,0.6039,0.3003,40.03,34640.01,0.00020558,0.0002308,0.0001179,0.00012878,0.0001,0.0001
2023-11-02 16:00:00+00:00,1800.8,231.9,0.6054,0.323,40.23,34941.59,0.0001,0.00018876,0.00017218,0.0001,0.0001,0.0001
2023-11-03 00:00:00+00:00,1798.65,229.7,0.5962,0.323,39.02,34464.97,0.0001,0.00031866,0.00010423,0.0001,0.0001,0.0001
2023-11-03 08:00:00+00:00,1813.01,229.4,0.6115,0.3206,39.79,34763.71,0.0001,0.00015085,0.0001,0.0001,0.0001,0.0001
2023-11-03 16:00:00+00:00,1832.71,230.2,0.6121,0.3292,39.45,34716.78,0.0001,0.0,0.00019081,0.0001,0.0001,0.0001
2023-11-04 00:00:00+00:00,1833.94,231.8,0.6141,0.3252,41.72,34767.99,0.0001,0.00014468,0.0001,0.0001,0.0001,0.0001
2023-11-04 08:00:00+00:00,1831.77,234.8,0.6101,0.3218,41.28,34709.91,0.0001,0.00011035,0.00012373,0.0001,0.0001,0.0001
2023-11-04 16:00:00+00:00,1855.54,237.1,0.6149,0.3278,42.41,35062.07,0.0001,0.00020234,0.0001,0.0001,0.0001,0.0001
2023-11-05 00:00:00+00:00,1884.66,244.5,0.6222,0.335,41.57,35162.46,0.0001,3.718e-05,0.0001,0.0001,0.0001,0.0001
2023-11-05 08:00:00+00:00,1874.35,240.8,0.6442,0.3416,40.72,34882.92,0.0001,0.00011953,0.00032222,0.0001,0.0001,0.0001
2023-11-05 16:00:00+00:00,1891.71,244.0,0.6607,0.3419,41.15,35011.88,0.0001,0.0,0.0001843,0.0001,0.0001,0.0001
2023-11-06 00:00:00+00:00,1878.34,244.3,0.6813,0.3449,39.93,34904.72,0.0001,0.0001156,0.0001,0.0001,0.0001,0.0001
2023-11-06 16:00:00+00:00,1900.95,255.1,0.7148,0.3624,42.16,35046.09,0.0001,0.00028825,0.00011051,0.0001,0.00015286,0.0001
2023-11-07 08:00:00+00:00,1863.1,244.5,0.6718,0.3401,41.21,34721.23,0.0001,0.00012425,0.00017964,0.0001,0.0001,0.0001
2023-11-07 16:00:00+00:00,1885.27,246.2,0.685,0.3512,42.93,35399.12,0.0001,0.00018195,0.0001967,0.0001,0.00020579,0.0001
2023-11-08 00:00:00+00:00,1875.01,245.9,0.674,0.3562,43.49,35226.4,0.0001,0.00024655,0.0001,0.0001,0.00017143,0.0001
2023-11-08 08:00:00+00:00,1889.12,245.9,0.6842,0.3553,42.77,35225.68,0.0001,0.00032454,0.00012297,0.0001,0.0001,0.0001
2023-11-08 16:00:00+00:00,1888.12,246.7,0.6869,0.3577,43.13,35624.72,0.0001,0.00015094,0.0001,0.0001,0.0001,0.0001
2023-11-09 00:00:00+00:00,1911.38,248.5,0.695,0.3661,43.9,36533.04,0.0001,2.084e-05,0.0001,0.0001,0.0001,0.0001
2023-11-09 08:00:00+00:00,2035.02,251.8,0.6863,0.3774,46.4,37084.02,0.0001,0.00026824,0.00017407,0.0001,0.0001,0.0001
2023-11-09 16:00:00+00:00,2121.32,251.6,0.6665,0.3684,45.29,36701.09,0.00071131,0.0002366,0.00040147,0.00019956,0.00028089,0.00020027
2023-11-10 00:00:00+00:00,2101.44,251.5,0.6533,0.3753,47.55,36439.98,0.00027525,0.0,0.0001,0.0001,0.0001,0.0001
2023-11-10 08:00:00+00:00,2089.93,249.8,0.647,0.3674,50.87,37082.14,0.00041432,0.00034888,0.00044107,0.0001,0.00015368,0.00011682
2023-11-10 16:00:00+00:00,2077.72,251.0,0.6595,0.3859,56.67,37301.63,0.00012656,1.874e-05,0.00015409,0.0001,0.00011529,0.0001
2023-11-11 00:00:00+00:00,2054.94,248.8,0.6603,0.3783,54.26,37006.4,0.00013604,0.0002068,0.00026284,0.0001,0.0001,0.0001
2023-11-11 08:00:00+00:00,2068.0,253.0,0.6729,0.3876,60.89,37050.77,0.00013371,0.00028954,0.0001,0.0001,0.0001,0.00016607
2023-11-11 16:00:00+00:00,2053.17,251.5,0.6626,0.3844,56.34,37130.0,0.00027449,0.00030396,0.00019884,0.00033273,0.00030654,0.00014648
2023-11-12 00:00:00+00:00,2057.74,250.6,0.6676,0.3879,61.08,37127.95,0.00016325,4.515e-05,0.00027518,0.00016443,0.00051279,0.0001543
2023-11-12 08:00:00+00:00,2057.12,248.4,0.6643,0.3858,58.62,37152.11,0.0001,0.0,0.0001,0.0001,0.00017231,0.00023487
2023-11-13 00:00:00+00:00,2048.15,245.7,0.6562,0.3771,58.24,36960.29,0.0003299,0.0002285,0.00032744,0.00025356,0.00050694,0.00032467
2023-11-13 08:00:00+00:00,2105.24,247.1,0.6501,0.3696,55.64,36841.91,0.00022787,0.00014417,0.00025714,0.0001,0.00033025,0.00010893
2023-11-13 16:00:00+00:00,2053.65,241.1,0.6702,0.3568,51.6,36462.93,0.00022833,0.00020254,0.00026761,0.0001,0.0001,0.00020492
2023-11-14 00:00:00+00:00,2060.34,244.3,0.6641,0.3676,55.16,36683.86,0.00018828,8.527e-05,0.00017011,0.0001,0.00047225,0.00017382
2023-11-14 08:00:00+00:00,2038.09,244.2,0.654,0.3636,56.23,36147.09,0.00013623,0.0002848,0.00027937,0.0001,0.0001,0.00016369
2023-11-15 00:00:00+00:00,1982.88,245.4,0.6291,0.3628,59.16,35576.88,0.0001,0.0001202,0.0001,0.0001,0.00012356,0.0001
2023-11-15 08:00:00+00:00,2021.26,252.4,0.6399,0.3715,62.42,36402.42,0.0001,0.00010922,0.0001,0.0001,0.00010903,0.0001
2023-11-15 16:00:00+00:00,2058.48,253.7,0.6481,0.3788,65.43,37858.2,0.0001,0.00020872,0.0001,0.00011725,0.00026624,0.0001
2023-11-16 00:00:00+00:00,2053.31,254.8,0.6512,0.3962,65.68,37437.25,0.0001,0.00021605,0.0001,0.0001,0.00031874,0.0001
2023-11-16 08:00:00+00:00,1995.67,246.5,0.622,0.3828,61.6,36406.0,0.0001,0.00034375,0.0001,0.00013342,0.00014572,0.00015199
2023-11-17 00:00:00+00:00,1970.0,244.5,0.6153,0.3674,58.16,36239.76,0.0001,0.00011211,0.0001,0.0001,0.0001,0.0001
2023-11-18 00:00:00+00:00,1935.69,241.9,0.6006,0.3573,56.36,36417.16,0.0001,9.828e-05,0.0001,0.0001,0.0001,0.0001
2023-11-18 08:00:00+00:00,1952.8,244.4,0.6072,0.3668,58.01,36664.16,0.0001,7.3e-07,0.0001,0.0001,0.0001,0.0001
2023-11-18 16:00:00+00:00,1962.6,244.8,0.6106,0.3772,58.56,36568.1,0.0001,0.00010103,0.0001,0.0001,0.0001,0.0001
2023-11-19 00:00:00+00:00,1961.93,244.2,0.61,0.3748,60.44,36611.5,0.0001,4.12e-05,0.0001,0.0001,0.0001,0.0001
2023-11-19 08:00:00+00:00,1966.8,243.6,0.6209,0.3769,59.97,36568.27,0.0001,8.239e-05,0.0001,0.0001,0.0001,0.0001
2023-11-19 16:00:00+00:00,2011.47,246.4,0.6258,0.384,61.1,37359.86,0.0001,0.0,0.0001,0.0001,0.0001,0.0001
2023-11-20 00:00:00+00:00,2019.11,247.3,0.6224,0.3872,59.88,37244.47,0.0001,0.0,0.0001,0.0001,0.0001,0.0001
2023-11-20 08:00:00+00:00,2042.22,248.2,0.619,0.3921,59.01,37461.61,0.0001,0.00015667,0.0001,0.0001,0.0001,0.0001
2023-11-20 16:00:00+00:00,2021.4,253.1,0.6122,0.3804,56.57,37448.78,0.0001,0.00027553,0.0001,0.0001,0.0001,0.0001
2023-11-21 00:00:00+00:00,2003.77,257.4,0.6099,0.3825,55.39,37279.91,0.0001,0.00031647,0.0001,0.0001,0.0001,0.0001
2023-11-21 08:00:00+00:00,1988.33,264.5,0.6042,0.3759,55.11,36975.04,0.0001,0.00027205,0.0001,0.0001,0.0001,0.0001
2023-11-21 16:00:00+00:00,1933.01,225.5,0.5788,0.3566,51.65,35741.65,0.0001,0.00016938,0.0001,0.0001,0.0001,0.0001
2023-11-22 00:00:00+00:00,1993.73,233.0,0.5933,0.3682,54.67,36439.81,0.0001,0.0001286,0.0001,0.0001,0.0001,0.0001
2023-11-22 08:00:00+00:00,2033.58,231.7,0.5934,0.3694,54.94,36481.14,0.0001,0.00011204,0.0001,0.0001,0.0001,0.0001
2023-11-22 16:00:00+00:00,2063.21,236.1,0.6109,0.3805,57.56,37408.34,0.0001,0.0,0.0001,0.0001,0.0001,0.0001
2023-11-23 00:00:00+00:00,2065.69,235.2,0.6113,0.3814,57.8,37369.21,0.0001,2.091e-05,0.0001,0.0001,0.0001,0.0001
2023-11-23 08:00:00+00:00,2042.27,230.9,0.6161,0.3779,56.6,36951.34,0.0001,1.43e-05,0.0001,0.0001,0.0001,0.0001
2023-11-24 00:00:00+00:00,2080.02,235.4,0.6239,0.3918,57.34,37522.99,0.0001,0.0,0.0001,0.0001,0.0001,0.0001
2023-11-24 08:00:00+00:00,2116.43,235.1,0.6221,0.3922,58.13,38221.11,0.0001,0.00019691,0.0001,0.0001,0.0001,0.0001
2023-11-24 16:00:00+00:00,2080.84,232.7,0.6212,0.3862,56.86,37713.57,0.0001,2.427e-05,0.0001,0.0001,0.0001,0.0001
2023-11-25 00:00:00+00:00,2088.08,235.5,0.6221,0.3928,58.6,37802.4,0.0001,0.0,0.0001,0.0001,0.0001,0.0001
2023-11-25 08:00:00+00:00,2078.03,233.6,0.6193,0.3932,58.55,37704.38,0.0001,0.00025756,0.0001,0.0001,0.0001,0.0001
2023-11-25 16:00:00+00:00,2083.09,234.4,0.6228,0.3941,58.82,37780.67,0.0001,0.00014545,0.0001,0.0001,0.0001,0.0001
2023-11-26 00:00:00+00:00,2088.9,233.9,0.6217,0.395,58.41,37789.78,0.0001,0.0001503,0.0001,0.0001,0.0001,0.0001
2023-11-26 08:00:00+00:00,2064.66,231.3,0.6221,0.3862,57.1,37437.11,0.0001,7.223e-05,0.0001,0.0001,0.0001,0.0001
2023-11-26 16:00:00+00:00,2062.33,231.7,0.6157,0.3873,57.57,37447.43,0.0001,0.0,0.0001,0.0001,0.0001,0.0001
2023-11-27 00:00:00+00:00,2045.56,228.8,0.6074,0.3831,55.93,37283.19,0.0001,0.0,0.0001,0.0001,0.0001,0.0001
2023-11-27 16:00:00+00:00,2027.5,227.2,0.6039,0.3777,55.06,37242.7,0.0001,0.00020207,0.0001,0.0001,0.0001,0.0001
2023-11-28 00:00:00+00:00,2014.62,225.9,0.6028,0.3738,55.09,37105.11,0.0001,0.00013513,0.0001,0.0001,0.0001,0.0001
2023-11-28 08:00:00+00:00,2036.39,229.8,0.6086,0.3811,56.05,37513.19,0.0001,0.0,0.0001,0.0001,0.0001,0.0001
2023-11-28 16:00:00+00:00,2048.14,229.6,0.6107,0.3858,58.18,37818.87,0.0001,0.00020157,0.0001,0.0001,0.0001,0.0001
2023-11-29 08:00:00+00:00,2031.72,227.6,0.6079,0.3797,60.06,37830.75,0.0001,6.64e-05,0.0001,0.0001,0.0001,0.0001
2023-11-29 16:00:00+00:00,2028.81,227.3,0.6091,0.3816,59.31,37854.64,0.0001,0.00013501,0.0001,0.0001,0.0001,0.0001
2023-11-30 00:00:00+00:00,2035.76,227.7,0.6038,0.3769,60.0,37792.98,0.0001,0.00018377,0.0001,0.0001,0.0001,0.0001
2023-11-30 08:00:00+00:00,2033.05,226.7,0.6019,0.3749,59.59,37619.84,0.0001,0.00017534,0.0001,0.0001,0.0001,0.0001
2023-11-30 16:00:00+00:00,2051.96,227.6,0.6063,0.3759,59.3,37723.96,0.0001,0.00026077,0.0001,0.0001,0.0001,0.0001
2023-12-01 00:00:00+00:00,2092.75,228.7,0.6103,0.3789,60.86,38244.08,0.0001,0.00025738,0.0001,0.0001,0.0001,0.0001
2023-12-01 08:00:00+00:00,2080.16,228.3,0.6076,0.3812,60.12,38413.5,0.0001,0.00010274,0.0001,0.0001,0.0001,0.0001
2023-12-01 16:00:00+00:00,2087.24,228.5,0.6125,0.3844,59.75,38682.52,0.0001,8.002e-05,0.00016933,0.0001,0.0001,0.0001
2023-12-02 00:00:00+00:00,2095.99,228.3,0.6137,0.3864,62.01,38702.48,0.0001,0.00016693,0.0001,0.0001,0.0001,9.95e-05
2023-12-02 08:00:00+00:00,2104.17,227.3,0.6138,0.3891,61.89,38811.75,0.0001,0.00013631,0.0001,0.0001,0.00030174,6.973e-05
2023-12-02 16:00:00+00:00,2164.74,229.0,0.6208,0.3976,63.66,39450.35,0.0001,0.00017616,0.00018347,0.00014293,0.0001,8.541e-05
2023-12-03 00:00:00+00:00,2164.73,228.1,0.6204,0.3967,63.96,39478.72,0.0001,0.00019017,0.00016267,0.00038339,0.0001,0.0001
2023-12-03 08:00:00+00:00,2160.48,226.9,0.6213,0.3905,62.98,39760.42,0.0001,0.00022044,0.00025658,0.00028491,0.00020381,0.0001
2023-12-03 16:00:00+00:00,2192.95,228.1,0.6229,0.3949,62.98,39972.26,0.0001,0.00016106,0.00017299,0.00015616,0.00018264,0.0001
2023-12-04 00:00:00+00:00,2246.3,231.9,0.6331,0.4084,63.69,41441.1,0.0001,0.00032083,0.00011617,0.00013297,0.0001,0.0001
2023-12-04 08:00:00+00:00,2211.75,229.8,0.6159,0.3975,60.53,41270.33,0.0001,0.00035922,0.00017218,0.0004009,0.00053853,0.0001
2023-12-04 16:00:00+00:00,2243.37,233.5,0.6245,0.4068,61.64,41991.1,0.0001,5.577e-05,0.0001,0.0001,0.0001,0.0001
2023-12-05 00:00:00+00:00,2200.27,229.4,0.6127,0.3991,59.69,41528.0,0.0001,0.00018187,0.0001,0.0001,0.0001,0.0001
2023-12-05 08:00:00+00:00,2228.45,231.1,0.6143,0.4032,60.96,42268.29,0.0001,0.0,0.0001,0.0001189,0.0001,0.0001
2023-12-05 16:00:00+00:00,2293.33,231.2,0.621,0.4257,61.03,44073.32,0.0001,9.039e-05,0.0001,0.0001231,0.0001,0.0001
2023-12-06 00:00:00+00:00,2265.82,233.3,0.6275,0.4298,63.36,43688.87,0.0001,0.00019828,0.00029533,0.00027203,0.00025226,0.0001
2023-12-06 08:00:00+00:00,2252.25,230.0,0.6273,0.4506,62.61,43785.2,0.0001,0.00023706,0.00036494,0.00026528,0.00045867,0.0001
2023-12-06 16:00:00+00:00,2232.7,229.4,0.64,0.4429,61.85,43762.69,0.0001,0.00020088,0.00010996,0.0001,0.00011861,0.0001
2023-12-07 00:00:00+00:00,2261.66,232.5,0.6481,0.4463,63.37,43884.01,0.0001,0.00019185,0.00018162,0.0001,0.0001,0.0001
2023-12-07 08:00:00+00:00,2321.39,232.7,0.6369,0.4437,65.81,43659.99,0.0001,0.00031347,0.0003181,0.0001,0.0001,0.0001
2023-12-07 16:00:00+00:00,2355.73,232.6,0.6432,0.4555,67.74,43273.14,0.0001,0.00027723,0.00028221,0.0001,0.00036868,0.0001
2023-12-08 00:00:00+00:00,2352.81,233.0,0.6412,0.4747,71.39,43166.01,0.00022693,0.00038437,0.00047024,0.00014867,0.00061268,0.0001
2023-12-08 08:00:00+00:00,2346.08,235.1,0.6591,0.5485,72.02,43760.94,0.00012399,0.00044477,0.0004186,0.00024753,0.00024053,0.00023288
2023-12-08 16:00:00+00:00,2358.72,238.9,0.6721,0.5454,74.94,44170.99,0.00010417,0.00040557,0.00038529,0.00022671,0.0002033,0.00020242
2023-12-09 00:00:00+00:00,2383.1,243.9,0.6918,0.6244,76.96,44180.22,0.00022528,0.00056478,0.00019374,0.0001569,0.00032215,0.00011504
2023-12-09 08:00:00+00:00,2362.72,240.7,0.6804,0.6129,75.57,44045.1,0.00031293,0.00046081,0.00043063,0.00019133,0.000394,0.00030159
2023-12-09 16:00:00+00:00,2340.49,237.7,0.6584,0.5791,72.3,43713.6,0.00033485,0.00034844,0.00036399,0.00028314,0.0001,0.00017192
2023-12-10 00:00:00+00:00,2354.0,240.6,0.6657,0.5906,72.47,43966.44,0.00016658,0.00030973,0.00020579,0.0001851,0.00025874,0.00020724
2023-12-10 08:00:00+00:00,2352.0,240.0,0.6611,0.5939,73.73,43903.73,0.00015944,0.00025556,0.00026626,0.00016051,0.00037686,0.00020383
2023-12-10 16:00:00+00:00,2352.39,239.8,0.6617,0.5948,74.87,43789.51,0.00022842,0.00026895,0.0002677,0.00032843,0.00020175,0.00023923
2023-12-11 00:00:00+00:00,2237.36,232.5,0.6217,0.5551,68.49,42132.51,0.00024112,0.00033978,0.00034092,0.0001,0.00027221,0.0001473
2023-12-11 08:00:00+00:00,2219.34,244.3,0.6199,0.5456,69.26,41803.44,0.0001,9.472e-05,0.0001,0.0001,0.0001,0.0001
2023-12-11 16:00:00+00:00,2225.12,246.4,0.6187,0.5507,70.25,41253.4,0.0001,8.78e-05,0.0001,0.0001,0.0001,0.0001
2023-12-12 00:00:00+00:00,2233.46,250.4,0.6251,0.593,71.77,41916.27,0.0001,0.0,0.0001,0.0001,0.00023316,0.0001
2023-12-12 08:00:00+00:00,2192.99,254.1,0.6171,0.5825,68.46,41348.0,0.0001,0.0,0.0001,0.0001,0.00011574,0.0001
2023-12-12 16:00:00+00:00,2203.46,254.6,0.6192,0.5784,68.6,41492.39,0.0001,0.0,0.0001,0.00018769,0.00011972,0.0001
2023-12-13 00:00:00+00:00,2172.49,247.9,0.6049,0.5576,64.89,41115.27,0.00012813,-0.00052326,0.0001,0.0001,0.0001,0.00011909
2023-12-13 08:00:00+00:00,2217.7,251.5,0.6148,0.626,67.56,41939.18,0.00015058,-0.00022655,0.0001,0.0001,0.0001,0.00010162
2023-12-14 00:00:00+00:00,2282.84,251.0,0.6259,0.6559,71.52,42898.98,0.0001,-0.00061075,0.0001,0.00020112,0.0001,0.0001
2023-12-14 08:00:00+00:00,2275.0,251.3,0.623,0.6358,71.65,42448.28,0.0001,-0.00017671,0.0001,0.00014692,0.0001,0.0001
2023-12-14 16:00:00+00:00,2315.32,253.3,0.6316,0.6433,75.68,43022.26,0.0001,-0.00057153,0.0001,0.0001,0.0001,0.0001
2023-12-15 00:00:00+00:00,2271.46,249.0,0.6307,0.6295,76.62,42699.99,0.0001,0.0,0.00015907,0.0001,0.00016198,0.0001
2023-12-15 08:00:00+00:00,2231.77,246.1,0.6194,0.6227,76.06,41909.56,0.0001,-0.00012952,0.00014826,0.0001,0.0001688,0.0001
2023-12-15 16:00:00+00:00,2220.5,244.9,0.6156,0.6004,72.51,41940.3,0.00010419,-0.0003711,0.00017118,0.00013393,0.00032874,0.0001
2023-12-16 00:00:00+00:00,2241.45,246.7,0.6199,0.6121,74.38,42222.67,0.0001,-0.00062037,0.0001,0.00015127,0.0001,0.0001
2023-12-16 08:00:00+00:00,2256.74,246.4,0.6247,0.622,77.15,42604.0,0.0001,-0.00029789,0.00014674,0.0001,0.0001,0.0001
2023-12-17 00:00:00+00:00,2208.63,240.4,0.6135,0.5938,72.38,41886.75,0.0001,-0.00038977,0.0001,0.0001,0.0001,0.0001
2023-12-17 08:00:00+00:00,2221.71,242.1,0.6184,0.593,72.68,41811.37,0.0001,0.0,0.0001,0.0001,0.0001,0.0001
2023-12-17 16:00:00+00:00,2196.52,238.8,0.6103,0.5804,70.87,41374.65,0.00011402,0.0,0.00026295,0.00014536,0.0001,0.0001
2023-12-18 00:00:00+00:00,2169.19,236.7,0.6012,0.5685,68.94,41126.02,0.00015083,0.0,0.00011245,0.00010138,0.0001,0.00013355
2023-12-18 16:00:00+00:00,2219.43,241.7,0.6125,0.6021,74.42,42657.8,0.0001,0.00012657,0.0001,0.0001,0.0001,0.00015611
2023-12-19 00:00:00+00:00,2247.99,244.9,0.6112,0.6084,75.71,43036.16,0.0001,8.11e-05,0.0001,0.0001,0.0001,0.0001
2023-12-19 08:00:00+00:00,2191.38,251.4,0.6056,0.5817,73.67,42486.86,0.0001,0.00013199,0.0001,0.0001,0.0001,0.0001
2023-12-19 16:00:00+00:00,2177.91,252.9,0.6047,0.5761,73.0,42275.99,0.0001,0.0,0.0001,0.0001,0.0001033,0.0001
2023-12-20 00:00:00+00:00,2216.76,256.4,0.6099,0.5918,76.07,42924.23,0.0001,-0.00128946,0.0001,0.0001,0.0001,0.00010506
2023-12-20 08:00:00+00:00,2246.96,258.2,0.622,0.6007,80.68,44027.2,0.0001,-1.369e-05,0.0001,0.0001,0.00028564,0.0001
2023-12-20 16:00:00+00:00,2202.17,260.3,0.6171,0.5894,82.21,43668.93,0.00023154,-0.00036193,0.00024912,0.0001,0.00018812,0.00023637
2023-12-21 00:00:00+00:00,2215.11,260.8,0.6165,0.5981,86.83,43764.5,0.00026163,-0.00094659,0.0001,0.0001,0.0001,0.00027143
2023-12-21 08:00:00+00:00,2232.51,271.7,0.6155,0.5972,87.5,43823.99,0.0002655,-0.00059303,0.00022667,0.0001,0.0001,0.00029216
2023-12-21 16:00:00+00:00,2239.61,272.1,0.6241,0.6351,93.84,43861.8,0.00042074,-0.0001517,0.00038445,0.00028811,0.0001,0.00028948
2023-12-22 00:00:00+00:00,2273.22,265.2,0.619,0.6145,93.78,43584.37,0.00044152,-0.00052916,0.00046503,0.00034025,0.00031152,0.00030806
2023-12-22 08:00:00+00:00,2319.74,271.6,0.6199,0.6194,96.31,43671.1,0.00043341,-0.00046821,0.00037544,0.00027645,0.00036827,0.0002961
2023-12-22 16:00:00+00:00,2324.54,271.1,0.6244,0.6226,97.9,43969.04,0.00051141,-5.726e-05,0.00049083,0.00023338,0.00012814,0.00018011
2023-12-23 00:00:00+00:00,2283.54,266.4,0.6152,0.6037,95.36,43562.32,0.0001854,-0.00016143,0.00034284,0.00014344,0.0001,0.00016285
2023-12-23 16:00:00+00:00,2308.2,271.0,0.6195,0.613,107.88,43702.16,0.00017945,-0.00101472,0.00037952,0.0001,0.0001,0.00015066
2023-12-24 00:00:00+00:00,2295.02,269.2,0.6166,0.6147,114.51,43651.17,0.00013318,-0.0006357,0.00038483,0.0001,0.00034505,0.0001
2023-12-24 08:00:00+00:00,2293.03,269.5,0.6214,0.615,113.55,43680.23,0.00021857,-4.087e-05,0.00038492,0.00018968,0.00025777,0.0002079
2023-12-24 16:00:00+00:00,2264.05,264.5,0.6121,0.5919,112.45,42991.5,0.00019769,-0.00011773,0.00048585,0.00028964,0.00012453,0.00019729
2023-12-25 00:00:00+00:00,2280.54,265.1,0.6164,0.6026,112.93,43208.15,0.00013827,-0.0005857,0.00020674,0.0001,0.0001913,0.0001
2023-12-25 08:00:00+00:00,2286.48,267.1,0.6333,0.6171,123.15,43618.0,0.00021479,-0.00016186,0.00031527,0.00020407,0.00018571,0.0001
2023-12-25 16:00:00+00:00,2271.35,266.9,0.6462,0.6242,120.91,43576.13,0.0004388,0.0,0.0005671,0.00055207,0.00063964,0.00037908
2023-12-26 00:00:00+00:00,2241.4,273.0,0.6216,0.6043,113.4,42774.12,0.00050051,0.0,0.00039955,0.00069556,0.00029627,0.00043391
2023-12-26 08:00:00+00:00,2228.99,296.0,0.62,0.608,110.51,42391.5,0.00029501,0.0,0.00032223,0.00027794,0.00012594,0.00023757
2023-12-26 16:00:00+00:00,2230.88,297.7,0.6219,0.6087,112.49,42508.93,0.00036888,0.0,0.00045937,0.0004957,0.00014423,0.00029559
2023-12-27 00:00:00+00:00,2228.52,293.2,0.6192,0.5964,111.36,42455.83,0.0003153,0.0,0.00031355,0.0001,0.0001,0.00027621
2023-12-27 08:00:00+00:00,2341.96,311.5,0.6334,0.62,107.8,42980.65,0.00040955,0.0,0.00041621,0.00018332,0.00041146,0.00037942
2023-12-27 16:00:00+00:00,2378.35,324.1,0.634,0.6334,106.91,43428.85,0.00049072,-0.00082735,0.00065536,0.00061419,0.00067699,0.00032304
2023-12-28 00:00:00+00:00,2380.0,323.8,0.6365,0.6615,105.85,43049.17,0.00027263,-0.0010039,0.00047324,0.0005967,0.00053993,0.00013021
2023-12-28 08:00:00+00:00,2358.85,329.0,0.6295,0.617,99.71,42445.99,0.00057135,-0.00047746,0.00072184,0.0007081,0.00086297,0.00037879
2023-12-28 16:00:00+00:00,2344.15,322.6,0.6346,0.6158,101.8,42563.76,0.00049862,-0.00114629,0.00062696,0.00044746,0.00084399,0.00050152
2023-12-29 08:00:00+00:00,2327.18,311.7,0.6244,0.6039,105.98,42271.09,0.00049499,-0.00043385,0.00050167,0.00019076,0.00040365,0.00049912
2023-12-29 16:00:00+00:00,2299.2,313.7,0.623,0.6083,106.17,42066.95,0.00047123,-0.00055142,0.00060608,0.0003498,0.00044869,0.00047082
2023-12-30 08:00:00+00:00,2312.97,318.7,0.6281,0.6096,104.26,42374.96,0.00031443,-0.00067585,0.00039233,0.00023952,0.00024082,0.0004358
2023-12-30 16:00:00+00:00,2291.68,317.1,0.6207,0.6011,101.9,42140.28,0.00026513,-0.00064912,0.00037355,0.00028588,0.00030813,0.00037842
2023-12-31 00:00:00+00:00,2294.81,322.7,0.6236,0.6074,103.98,42537.1,0.00021714,-0.0012624,0.00033923,0.00023478,0.00034362,0.00027855
2023-12-31 16:00:00+00:00,2281.87,311.8,0.6156,0.594,101.72,42283.58,0.00031621,-0.00075371,0.00033745,0.00027245,0.00041035,0.00033597
