XRPUSDT_price,ETHUSDT_funding_rate,BNBUSDT_funding_rate,XRPUSDT_funding_rate,ADAUSDT_funding_rate,SOLUSDT_funding_rate
1.6101390631421175,0.22285925422605737,0.14097265210871646,0.1366841027385255,0.3191307258505552,-0.08283329484283432
-1.0102974810617522,-0.7411764978982124,0.14097265210871646,-1.540207129720416,0.3191307258505552,0.08428484700232604
-0.9996105457264999,-0.2881890517474329,-0.5883348795946803,-2.518964752425558,0.07490707315103314,-0.22056261998770818
-1.8310541148091306,-0.29889930744288434,-0.23033685172589455,-0.11233116150126524,-0.3431129463532651,0.2780631635101512
-0.7067885175405864,-0.09517897016203353,-0.3646617455628587,0.1366841027385255,0.3191307258505552,-0.4083916022167843
1.2414397940759125,0.6291725334513957,0.9751584793004336,1.5315807531963006,0.3191307258505552,0.2780631635101512
-0.28465457179811976,-0.1933751039592782,0.26069526018922984,0.017872898231958693,-0.8344437510507294,-0.4089283842569722
0.8342675578027988,-0.14974490444201793,0.14097265210871646,-0.07429787036866557,0.011470088585790477,0.16198404731952185
0.4783926111388964,0.22285925422605737,-1.6500259323841384,-0.05391065575254236,-0.12519030240599927,0.09497575596940136
0.7049556402462457,0.22285925422605737,0.5861003408447222,0.33995662494046,0.3191307258505552,0.2780631635101512
-1.7102917455207796,0.22285925422605737,-0.2494569717495345,0.1366841027385255,0.3191307258505552,0.2780631635101512
-0.21732687918602925,0.1396574784024448,0.8007378063421655,0.1366841027385255,0.0005477427584416381,-0.15865375801937254
-0.4951871979025899,0.04382887481156307,0.21527489068159572,0.1366841027385255,-0.8343563722841105,-0.75466074997465
0.7273982044502755,0.22285925422605737,1.2524002196432127,0.1366841027385255,0.3191307258505552,0.2780631635101512
0.7444973009866797,0.22285925422605737,0.6908172851092144,0.1366841027385255,0.3191307258505552,1.180483236739344
-0.9461758690502382,-0.3243784420446953,-7.807874376368952,0.1366841027385255,0.3191307258505552,0.2780631635101512
-0.0025194789474574375,0.22285925422605737,0.535395718756715,0.1366841027385255,0.3191307258505552,0.2780631635101512
-0.2964102006668972,-0.052901645048409295,0.7312761044841318,0.1366841027385255,0.3191307258505552,-0.6119661909580383
-1.5403694736902673,0.22285925422605737,0.2306032569452733,0.1366841027385255,0.3191307258505552,0.2780631635101512
-0.6928955016047581,-0.2013796108474577,0.43757653931087775,0.1366841027385255,-2.4907082723099205,0.2780631635101512
-0.2814484911975432,-0.6354268153473336,0.14097265210871646,-0.3052387552639101,-0.03492803648878773,-0.533506549417243
0.9870907330969069,2.169081823390046,-3.90853968791916,3.333879053714084,4.659234063805926,2.245950854675606
0.8331988642692737,0.22285925422605737,0.14097265210871646,0.1366841027385255,0.3191307258505552,0.2780631635101512
-0.47381332723208525,0.22285925422605737,0.22975616302017535,-1.0045716129363047,0.3191307258505552,0.1666808901711658
1.1666312467291462,2.198619581202765,0.14097265210871646,0.1366841027385255,0.3191307258505552,0.2780631635101512
-0.4299968923575508,-0.747828130382756,0.14097265210871646,-1.6556775721680383,-1.450027161880115,-0.17216277269743424
-0.271830249395816,-1.1184029774453772,0.14097265210871646,-0.4719342159486823,0.05087791233086549,-0.21380811264867733
-0.43213427942460103,-0.27364565190834617,0.14097265210871646,-0.9983183916464854,0.2294801112996752,-0.5506835747032551
-0.5122862944389941,-0.5824392345382579,0.14097265210871646,-0.4548877633915036,0.3191307258505552,-0.10166539808609248
0.6814443825086908,0.22285925422605737,0.4088156836635038,0.1366841027385255,0.3191307258505552,0.2780631635101512
-0.3541196514772594,-0.6367796897509695,0.14097265210871646,0.1366841027385255,-0.6581134000140082,-0.611653068101262
-0.8136578708931091,-0.5460243651737228,-0.19096715311181736,-0.4786157400665714,-0.6305890885290889,0.2780631635101512
1.4562471943144844,2.623422143944462,1.9997790884153661,2.968879383632987,1.1171610013799773,1.5931791619704603
-0.6811398727359806,-0.9207705749808883,0.14097265210871646,-1.3241711832420011,-0.009588194169338248,-0.49942088986531247
-0.5774765999840332,0.22285925422605737,0.14097265210871646,0.1043044089364474,-1.3193959057850217,-0.5898686636369705
0.8043441388640921,0.22285925422605737,-0.38148261064694694,0.5500819923915112,0.3191307258505552,0.5858181998845364
-0.49946197203669096,0.22285925422605737,0.14097265210871646,-1.12226923008989,-0.02819987145914078,-0.1444290339543937
-0.4278595052905006,-0.33993649768650896,0.14097265210871646,-0.6155869844832984,-1.764590721707764,-0.6367028966433632
0.6643452859722866,0.22285925422605737,1.1928616180506124,0.1366841027385255,0.3191307258505552,0.2780631635101512
-0.4791567948997114,-0.3428677255610536,0.14097265210871646,-0.3103783892007479,0.3191307258505552,-0.07241077689585296
-0.29747889420042234,-1.0769148290672073,0.14097265210871646,-0.08260694523321999,0.3191307258505552,-0.41174648996795854
1.5609791605999574,-0.0017178967775147603,0.14097265210871646,-0.955145466577048,0.3191307258505552,0.2780631635101512
-0.45137076302805546,-0.26496470781834863,0.3564975493372148,-0.5666748015177255,0.13109162008691594,-0.0847120319834919
-1.1043425120119723,-1.0770275686008435,0.14097265210871646,0.1366841027385255,0.3191307258505552,0.2780631635101512
-0.4214473440893487,0.22285925422605737,0.9749164524646913,0.1366841027385255,0.3191307258505552,0.2780631635101512
0.8214432354004962,0.22285925422605737,0.5055860801544577,0.1366841027385255,0.5209756767399635,0.2780631635101512
-0.8211387256277861,-0.5255057700519105,-0.5306921548820611,-0.3753947585017459,-1.0040459370578034,0.22608476928529136
1.7608248513691753,-0.06011697520113444,0.14097265210871646,-0.5384924754307316,0.3191307258505552,-0.2699912995216756
-0.9183898371785822,-0.8262948457936427,-0.9805797047209984,-0.637344768149245,-1.2264248981026276,-0.060064789971531696
-2.14952478779965,0.09050304173700424,-0.3041550366272892,0.1366841027385255,0.3191307258505552,-2.0339465472524183
-0.8670925475693708,-0.2641755310828943,-0.04466193090561053,0.1366841027385255,0.3191307258505552,-0.025084493685954754
0.36190501598464586,0.22285925422605737,0.9890750223556145,0.27939460505138797,0.3191307258505552,0.2780631635101512
-0.5870948417857599,-0.9676702209736022,0.14097265210871646,-0.09245791027882576,-0.3432003251198839,-1.2731474689594608
0.008167456387794897,0.22285925422605737,0.37944976092677407,0.1366841027385255,0.3191307258505552,0.2780631635101512
-0.43427166649165244,-1.7784929468860975,0.14097265210871646,-0.5702725452735119,-1.0846091598803291,-0.49239799150618774
1.4658654361162116,0.22285925422605737,0.6072776889721714,0.1366841027385255,0.3191307258505552,0.2780631635101512
-0.6971702757388591,0.22285925422605737,0.14097265210871646,-1.188998810703167,-0.48073450377786164,-0.19291834491803228
-0.15320526717451524,-0.06259724494113382,0.14097265210871646,-0.7733737463442183,-0.8037738039675335,-0.1992255338902399
-1.4121262496672398,0.22285925422605737,0.14097265210871646,0.1366841027385255,0.3191307258505552,0.2780631635101512
-1.5959415374335797,0.22285925422605737,0.14097265210871646,0.1366841027385255,0.3191307258505552,0.2780631635101512
-1.593804150366529,0.22285925422605737,0.14097265210871646,0.1366841027385255,0.3191307258505552,0.2780631635101512
-0.4941185043690648,-0.33959827908560003,0.14097265210871646,-1.3526961515914508,0.01120795228593412,0.2780631635101512
-0.5379349392435993,0.22285925422605737,0.14097265210871646,-0.7075007713870808,-0.36845278867271464,-0.21385284448535968
-0.8061770161584327,-0.6131043876873399,-0.23227306641183276,0.1366841027385255,-0.5121908597606265,-1.1909750849740328
0.8738092185432328,0.22285925422605737,-2.322658846717885,0.1366841027385255,1.202704813899774,0.2780631635101512
-0.4941185043690648,-0.5129916818182777,-0.26720560637063484,-0.307894232797943,0.3191307258505552,0.20470295135114072
-1.8898322591530183,0.22285925422605737,0.14097265210871646,0.1366841027385255,0.3191307258505552,0.2780631635101512
0.8022067517970418,2.6501414134162724,0.14097265210871646,1.9659654814247074,0.3191307258505552,0.2780631635101512
1.3472404538949108,1.669645689381098,0.9579745739627318,1.5724408429941608,0.3191307258505552,0.2780631635101512
-0.6330486637273451,-0.09811019803657815,0.14097265210871646,-0.4640534439121977,-1.8122121495150054,-0.47115036908208413
1.7298327388969434,-0.3464753906374163,0.2055131416399905,0.1366841027385255,0.3191307258505552,0.2780631635101512
-0.1275566223699101,-0.060342454268407134,0.14097265210871646,0.1366841027385255,0.3191307258505552,0.2780631635101512
-0.36908136094661215,-0.4684595660319268,0.42160276815188746,-1.2804842947788797,-0.480559746244624,-0.2327744114019825
-0.4310655858910759,-1.0508719967972149,0.14097265210871646,-0.31114933429127356,-0.28858859598313924,-0.43317303973879145
0.8054128323976183,1.1185748489667102,-3.952185193964684,2.531068232780022,0.3191307258505552,0.2780631635101512
-0.6362547443279211,0.22285925422605737,0.14097265210871646,0.1366841027385255,-0.9884051378330397,-0.05827551650423875
-0.38831784455006657,-0.709722168013676,0.14097265210871646,0.11355575002275538,0.0973634161720625,-0.5865585077224785
-0.24190683045711045,-0.9031832077336206,0.14097265210871646,0.1366841027385255,-0.11566601684455101,-0.5716180742705826
-0.8179326450272102,-0.9678957000408749,-1.4470057550023243,-2.123212939289049,-0.6888707258638228,-0.12837030458543958
-0.3402266355414317,-0.1861597738065529,0.26932755066403774,-0.10804813322056708,-0.9705798694428063,0.1617156562994279
-0.2932041200663207,-0.5499702488509944,0.14097265210871646,-0.6068496067906741,0.3191307258505552,0.20528446522801094
-0.12328184823580965,-0.6093839830773411,0.14097265210871646,0.1366841027385255,-0.2767050837229836,-0.12416551193730119
-0.35518834501078445,0.22285925422605737,1.0692262427922654,0.1366841027385255,0.3191307258505552,0.448983511473309
-1.4805226358128543,0.22285925422605737,0.7856514669142302,0.1366841027385255,0.3191307258505552,0.2780631635101512
-1.5905980697659536,4.275958227985807,0.6185722746401444,0.1366841027385255,0.3191307258505552,0.2780631635101512
-0.4780881013661863,-0.021672794231145473,0.14097265210871646,0.1366841027385255,0.3191307258505552,-0.15637243434857406
2.4266209227553954,-0.38232656233376966,-2.9821416363096347,0.1366841027385255,-1.042405215603453,0.2780631635101512
0.9347247499541714,0.22285925422605737,-2.1644539717543494,0.1366841027385255,0.3191307258505552,0.2780631635101512
1.8249464633806893,-0.6848067310800466,0.4637961131829579,0.1366841027385255,0.3191307258505552,0.24285920804116262
0.8663283638085558,0.21090886366060616,-0.6684457622253742,0.1366841027385255,-0.21527781078997324,0.2780631635101512
-0.4310655858910759,-0.3826647809346786,0.14097265210871646,-0.03712118489220569,-0.6452687213210458,-0.9295174995658524
-0.24938768519178625,-0.6394854385582416,-1.0181342020670086,-1.4582299684278532,-5.656703123208591,-0.6806295602654048
-0.18099129904617178,-0.731480898005488,0.14097265210871646,0.1366841027385255,-0.8658127282668754,-0.7021903055462847
-0.061297623291345874,-1.0877378242962952,-0.9422991268677614,-0.4319307318069615,-0.809016529964661,-0.30447954560374696
-1.4313627332706937,0.22285925422605737,0.4522595006792426,0.1366841027385255,0.3191307258505552,0.11085555799162614
-0.48022548843323715,-0.41919238983284995,0.14097265210871646,0.1366841027385255,0.3191307258505552,-0.3138732313070349
1.0244950067702905,0.22285925422605737,0.9512784981738621,0.22200202609003267,0.3191307258505552,0.36130911157595513
-2.067235385718207,0.22285925422605737,0.0625559573282185,0.1366841027385255,0.3191307258505552,-0.855754700876701
-1.4912095711481066,0.22285925422605737,0.14097265210871646,0.1366841027385255,0.3191307258505552,0.2780631635101512
0.9379308305547468,-0.4765768124537426,-0.46554659826143135,0.1366841027385255,0.3191307258505552,0.0552091531588158
-0.7356432429457674,-0.6171630108982479,-2.8747220590460207,0.1366841027385255,0.3191307258505552,-0.04512435651963566
-0.46633247249740944,-0.46744491022919976,0.14097265210871646,0.10987234570135501,0.3191307258505552,-0.19569171879233638
0.8278553966016481,4.738190315894766,0.14097265210871646,2.70264634570479,5.523060550599297,1.1560149220741134
1.0993035541170568,3.7664882754832254,1.548278026338147,3.0583090141339646,0.3191307258505552,0.5181836628208634
-0.8906038053069263,0.11474204146881546,-1.1793240746713654,-1.0824370670793972,0.3191307258505552,-0.15212290986375332
-0.3477074902761075,-1.6432055065225,-0.21633963305879947,-0.16158598672929403,0.12261587972489317,0.05941394580695421
-0.247250298124736,-1.3280985100089537,-3.2563580412056354,-0.9687654965096681,-1.2962405326310422,-0.07589986015707419
0.8727405250097077,0.22285925422605737,0.14097265210871646,0.1366841027385255,0.3191307258505552,0.2780631635101512
1.669985901019531,0.22285925422605737,0.49816392385836133,0.1366841027385255,0.3191307258505552,0.03946354664663795
-0.7099945981411617,0.22285925422605737,0.14097265210871646,-0.49728974337041537,-1.0832984783810473,0.02327062176763688
-0.6779337921354047,0.22285925422605737,0.5142990462411798,0.1366841027385255,0.3191307258505552,0.2780631635101512
0.7936572035288397,0.22285925422605737,0.14097265210871646,0.1366841027385255,0.3191307258505552,0.2780631635101512
-0.2857232653316449,0.19929669169606407,0.14097265210871646,-0.21101213308855069,0.2434607139586818,-0.27321199176280286
-0.6512164537972739,-0.46823408696465413,0.14097265210871646,-0.24630428612150349,0.3191307258505552,-0.39206448182773623
-0.9248019983797335,-0.7332847305436693,-0.17168568186434924,-0.8866170140858776,-0.42804510750673036,-0.006073463095967286
0.8652596702750307,0.22285925422605737,0.14097265210871646,0.1366841027385255,0.3191307258505552,0.87371230077197
0.8492292672721528,0.22285925422605737,0.14097265210871646,0.1366841027385255,0.3191307258505552,0.2780631635101512
0.9507551529570494,0.10887958571972621,0.14097265210871646,0.1366841027385255,0.3191307258505552,0.2780631635101512
-0.4203786505558236,-0.5521122999900847,0.14097265210871646,-0.5641906451149205,-0.05205427474607086,-0.09070609809892324
-0.7399180170798685,-0.6562836290700549,0.14097265210871646,0.05667713445508396,-2.7248833668482817,-0.2498172411779477
1.3760951793000926,0.6029042221141303,1.3089134857890345,0.1366841027385255,0.3191307258505552,0.2780631635101512
0.7712146393248099,0.1474365062233516,0.14097265210871646,0.1366841027385255,0.3191307258505552,0.15294821630969252
-0.7003763563394345,0.22285925422605737,0.14097265210871646,-1.5465460115758491,0.23769371536184158,0.06500542539224465
-0.3370205549408563,-0.494389658768283,-0.07935244402867032,-0.6878845018614832,-0.4593267059562577,-0.16008517679320688
-0.35625703854430957,-1.3966441464598431,-1.240113148248634,0.1366841027385255,0.14638290424520445,-0.4905639862022124
-0.12114446116875822,-0.8722925755172659,-0.05535144948422778,0.1366841027385255,0.3191307258505552,0.17406164322374917
0.747703381587255,0.22285925422605737,0.7245800286952621,0.1366841027385255,0.3191307258505552,0.2780631635101512
-0.7420554041469187,0.22285925422605737,0.14097265210871646,0.1366841027385255,0.09954788533753234,0.2780631635101512
2.1947144259804205,-0.5878507321528018,-7.129836196036961,0.1366841027385255,-2.241766166212984,0.2780631635101512
-0.9429697884496623,0.22285925422605737,0.14097265210871646,0.1366841027385255,0.3191307258505552,0.2780631635101512
0.5264838201475325,0.22285925422605737,0.5929174300514629,0.1366841027385255,0.3191307258505552,0.2780631635101512
-0.40221086048589544,0.22285925422605737,0.14097265210871646,0.1366841027385255,-0.6102298359069105,0.2780631635101512
-0.4128977958211478,-1.456508838820735,0.14097265210871646,-1.6250110896782395,-1.1716384114326455,-0.5057280788375201
0.6098419157624998,0.7959143036995296,0.14097265210871646,0.24333150692790947,0.3311889956439483,0.2780631635101512
2.0654025084238676,-0.4577493103364753,-1.2357970030112302,0.1366841027385255,0.3191307258505552,0.2780631635101512
-2.195478609741235,0.22285925422605737,0.14097265210871646,0.1366841027385255,-3.0031847385291326,-4.5281490288220905
0.9122821857501405,5.536837172174537,-1.7849962311164154,5.4634007148772055,5.632633523939263,3.6909681068613827
1.3076987931544768,7.114739684948632,1.0953651410524314,2.719093174302671,1.1890737263072426,1.0872173572566999
-0.5325914715759731,0.09399796727973053,0.14097265210871646,-1.3562938953472372,0.2542083022527931,-0.6913652010691623
-0.7078572110741115,-0.6012667366555251,0.14097265210871646,-0.37770759377332286,0.07578086081722106,0.05668530376933249
-0.29427281359984697,-0.3551563347274137,0.14097265210871646,0.1366841027385255,0.3191307258505552,0.2780631635101512
2.411659213286043,0.22285925422605737,0.14097265210871646,1.4944897282854543,0.3191307258505552,0.2780631635101512
0.9090761051495652,-0.2675577170919843,-1.037012295254906,-0.09237224971321183,-0.44351114919825646,0.16462322568377896
0.8032754453305669,0.22285925422605737,1.1799131823384004,0.1366841027385255,0.3191307258505552,0.2780631635101512
1.629375546745572,-0.8853703614190803,0.4380202551764053,0.1366841027385255,0.3191307258505552,-0.2841265599132898
0.8492292672721528,1.5434901512420431,-4.951271971908805,2.185941813921364,1.496821742338626,1.3678201687649145
-0.4449586018269048,-0.749181004786392,-1.662046598559338,-1.0259010937741815,-1.672930395524652,-0.6147395648323424
1.5054070968566455,0.22285925422605737,0.8749190314971735,0.9650217722255486,0.3191307258505552,0.7512812637724507
-0.22373904038718112,-0.6717289451782322,0.14097265210871646,-1.1443696560182925,-0.07844266226494583,-1.0452387610630232
1.1110591829858343,0.22285925422605737,0.9148534593946493,0.8358456392796922,0.3191307258505552,0.2780631635101512
0.7744207199253864,0.5969290268314048,-2.4233016725807155,2.576553993121036,0.3191307258505552,1.3742168214104873
1.7886108832408318,0.22285925422605737,0.14097265210871646,0.1366841027385255,0.3191307258505552,0.2780631635101512
-0.1991590891161011,-0.23880913601471976,0.14097265210871646,0.1366841027385255,0.05708180476079967,0.10038830820796248
-1.7701385833981924,-0.22528039197835997,0.14097265210871646,0.1366841027385255,-0.4729577935487892,0.226040037448609
1.6710545945530562,0.11643313447336048,0.14097265210871646,-0.6581602855934381,0.3191307258505552,0.24590097293556062
-0.6437355990625975,0.22285925422605737,0.24903763426764347,0.1366841027385255,0.3191307258505552,0.2780631635101512
0.7637337845901341,2.660400710977178,-2.8993281206798187,2.170694233242079,1.8259775561916132,1.6663157149460592
0.6419027217682568,0.22285925422605737,1.2383626631701605,0.1366841027385255,0.3191307258505552,0.2780631635101512
-0.8190013385607353,0.22285925422605737,0.14097265210871646,0.1366841027385255,0.3191307258505552,0.23091580764698227
1.2564015035452654,1.6706603451838251,1.2258579433234762,1.5732117880846865,2.3151238917236077,0.7332096017527922
-0.012137720749184658,0.22285925422605737,0.8145333359794753,0.1366841027385255,0.3191307258505552,0.2780631635101512
-0.4438899082933785,0.06524938620246609,-0.09339000050172243,-2.2036482104005604,-1.5484156530928739,-0.28484226930020695
-1.253959606705505,-0.5823264950046215,-0.17983391866767262,-0.4460647251332654,0.3191307258505552,-0.11356406664359053
-0.20984602445135345,0.05070598636337924,0.3550453883227611,-0.07549711828726113,-0.08517082729459277,-0.24538878934639768
0.9667855559599284,4.716882544037499,-4.482909706941541,4.650653268331924,3.3551933507870824,3.6060670808383324
-0.20984602445135345,-0.8377942782245484,-2.837691953177452,-0.3484116803333475,-0.9023370527135303,-0.20137266205099144
-0.696101582205334,-0.11107524440475627,0.14097265210871646,-0.6121605618587398,-0.09626793065517929,0.0971676159668352
0.9261752016859693,-0.40431077139285426,-0.49543691247560273,0.1366841027385255,0.22257718873679055,0.2780631635101512
-0.22480773392070624,-1.6151333626470534,0.14097265210871646,-0.42739072182942145,-1.4165610942651177,-0.988116205619696
-0.716406759342313,-1.810285495371543,-0.0756817036865791,-1.5601660415084693,-0.8782205131267439,-0.03568593897966542
-0.37549352214776405,-0.058425882196589576,0.14097265210871646,0.1366841027385255,0.3191307258505552,0.2780631635101512
1.525712273993624,0.22285925422605737,0.749831495224373,0.1366841027385255,0.3191307258505552,0.2780631635101512
0.626941012298904,0.22285925422605737,0.6860574240062828,0.1366841027385255,0.3191307258505552,0.2780631635101512
-0.8489247574994421,-0.4678958683637452,0.14097265210871646,0.1366841027385255,-0.8263175257551817,0.07489116129903814
-0.46740116603093457,-0.7288878887318524,0.32229108988563954,-0.25144392005834126,0.2700238590107944,-0.4500816740047098
-0.7388493235463434,-1.4672190945161867,0.14097265210871646,-2.5196500369504697,-0.7471523631985567,-0.34719844963536584
0.9603733947587766,4.627818312464798,-3.1963757237475074,4.893929274675579,4.812059526622193,2.859045408243531
-0.4118291022876215,-0.3261822745828766,0.14097265210871646,-0.3904710180498034,0.3191307258505552,-0.044990161009588685
0.8096876065317188,0.22285925422605737,0.5230523501338589,0.1366841027385255,0.3191307258505552,0.2780631635101512
-0.26648678172819046,-0.2938260284292495,-1.242735105635842,-1.0587090904043295,-1.2030947674154104,-0.24682020812023203
-0.3861804574830164,-0.3471518278392342,-0.11194539124196373,-0.10804813322056708,-2.8359417792207657,-0.12922020948240373
1.22861547167361,0.49332139541961645,1.9350772476602638,2.8658297231993894,1.6082296697775849,0.9066796644068424
-1.66540661711272,0.22285925422605737,0.10890409637286468,0.1366841027385255,0.3191307258505552,0.2780631635101512
-0.6426669055290724,0.22285925422605737,0.14097265210871646,0.1366841027385255,-1.4945903328556986,0.19593551136140533
1.197623359201378,2.8147411325253158,1.0626915182272239,2.0849480070625024,1.6609190660487163,2.098380525460621
0.7081617208468222,0.09986042302881978,0.14097265210871646,0.1366841027385255,-0.5137636775597647,0.2780631635101512
0.755184236321932,0.7930958153586216,-0.772880341848167,0.1366841027385255,0.3191307258505552,0.2780631635101512
-1.809680244138626,0.22285925422605737,0.14097265210871646,0.1366841027385255,0.3191307258505552,-2.1719889952540683
0.8919770086131621,-0.13024096512293262,-0.6993848593944287,0.1366841027385255,0.3191307258505552,0.2780631635101512
-1.477316555212279,0.22285925422605737,0.14097265210871646,0.1366841027385255,-0.49454034890363063,-0.11383245766368445
0.012442230521895355,0.22285925422605737,0.49150818587544864,0.1366841027385255,0.3191307258505552,0.2780631635101512
-0.4909124237684895,0.22285925422605737,0.14097265210871646,0.1366841027385255,0.3191307258505552,0.2780631635101512
-0.6512164537972739,-0.29664451677015774,0.14097265210871646,0.1366841027385255,0.3191307258505552,-0.22606463589963396
-0.48663764963438844,-0.16361186707928668,0.14097265210871646,-0.3420727984779142,0.3191307258505552,-0.6269513562466167
2.599749275186483,0.13458419938880975,0.6666952771469007,-0.011337354642402802,0.3191307258505552,0.2780631635101512
0.9336560564206452,0.20110052423424538,0.14097265210871646,0.1366841027385255,0.3191307258505552,0.2780631635101512
1.2499893423441146,0.8929830421604111,1.1718456211469912,1.5608766666362757,0.847859642660862,1.516508793896958
1.7148710294275906,-0.48897816115373904,0.5982016826318362,0.1366841027385255,0.3191307258505552,0.2780631635101512
-0.691826808071233,-0.9208833145145247,0.14097265210871646,-1.760440443913915,-0.3489673237167241,0.11022931227807363
-0.19274692791494924,0.22285925422605737,0.14097265210871646,0.07792095472734684,-0.19553020953412634,0.2780631635101512
-0.5764079064505075,-0.6162610946291572,0.546690304424688,0.1366841027385255,-0.9310846669311126,-0.801539714817725
0.8577788155403537,0.13492241798971888,0.14097265210871646,0.1366841027385255,0.3191307258505552,-0.0761235193404858
-0.6800711792024555,0.22285925422605737,0.14097265210871646,0.1366841027385255,0.3191307258505552,0.2780631635101512
-0.4845002625673376,-0.8363286642872761,0.14097265210871646,-1.389101891977385,0.22895583869996236,-0.4082574067067374
-0.6159495671909415,-0.5196433143028212,0.14097265210871646,0.017273274272660913,-3.9136714866969395,-0.09701328707113085
-0.09977059049825356,-0.7761257533254752,0.14097265210871646,0.1366841027385255,0.3191307258505552,-0.1455920617081341
-2.0490675956482782,0.07291567448973663,0.14097265210871646,0.1366841027385255,0.3191307258505552,0.13492128612671617
-0.12862531590343523,-0.4052126876619449,0.14097265210871646,0.1366841027385255,0.3191307258505552,-0.01170967451794006
-0.7345745494122423,0.03007465170793058,-1.290495067888985,-0.31834482180284646,0.3191307258505552,-0.102291643799645
1.5054070968566455,0.22285925422605737,0.14097265210871646,0.1366841027385255,0.3191307258505552,-0.024100393278943633
-1.695330036051426,0.22285925422605737,0.14097265210871646,0.1366841027385255,0.3191307258505552,0.2780631635101512
-0.48129418196676227,0.22285925422605737,0.14097265210871646,-0.6929384752327071,-0.7171814462483113,-0.11302728460340264
-0.23870074985653392,-1.7907815560524578,-1.274924674789565,-1.0927163349530729,-2.0066299052418164,-0.4151908413924974
1.9221975749314855,0.22285925422605737,0.14097265210871646,-0.600253743238399,0.3191307258505552,0.07851444007030633
1.06938013517835,0.22285925422605737,0.6231304467132908,2.0402331918120136,0.3191307258505552,0.2780631635101512
0.779764187593012,1.7058350796783603,-1.3189735588946596,1.4140544571739428,0.3191307258505552,0.6722401083547853
-0.8467873704323918,0.22285925422605737,0.14097265210871646,0.1366841027385255,0.3191307258505552,0.2780631635101512
-0.49946197203669096,-0.8124278831563739,0.4577454422894009,-0.08175033957708046,-0.09006403822524511,-1.2877747795545806
0.7434286074531545,0.22285925422605737,0.8143316469496901,0.1366841027385255,0.3191307258505552,0.2780631635101512
-0.3412953290749568,-0.5073547051364611,0.14097265210871646,0.1366841027385255,0.3191307258505552,0.025730872785164668
-0.9183898371785822,-0.6500829547200567,-0.05813475809526398,0.1366841027385255,0.2909947629993044,-0.2640866970796089
-0.6928955016047581,-0.39980119004740095,0.14097265210871646,-1.8461866700934921,-2.204979705466473,-0.29835128397826866
0.9048013310154647,-0.825392929524552,-0.9459698672098527,0.1366841027385255,0.3191307258505552,0.2780631635101512
-0.3904552316171168,-0.6428676245673314,0.14097265210871646,-0.38293288827577465,0.3191307258505552,0.09645190657991802
0.8203745418669711,0.22285925422605737,0.47331583538882077,0.1366841027385255,0.3191307258505552,0.2780631635101512
-0.3637378932789866,-0.9001392403254397,0.14097265210871646,-0.4392975404497624,0.22074223463779594,0.2780631635101512
-0.2322885886553832,0.22285925422605737,0.3817893536722828,0.1366841027385255,-0.18801563560491033,0.2780631635101512
-0.37121874801366356,-0.9674447419063295,0.14097265210871646,0.1366841027385255,0.3191307258505552,-0.1330224156004012
-2.1356317718638222,0.22285925422605737,-0.7287911199371154,0.1366841027385255,0.3191307258505552,-4.511061467209443
-1.7765507445993438,-0.7807480742045647,-0.35328648428297166,-0.004056206565215879,0.3191307258505552,-0.2541562293361331
0.7102991079138724,0.22285925422605737,0.548505505692755,0.1366841027385255,0.3191307258505552,0.2780631635101512
0.1278611321426208,0.22285925422605737,0.603445597406252,0.1366841027385255,0.3191307258505552,0.2780631635101512
-0.5785452935175583,0.22285925422605737,0.19187896322650885,-0.010138106723807244,-1.3111823017228554,-0.4087494569102429
-1.7060169713866784,1.2237608338494073,0.14097265210871646,0.1366841027385255,0.3191307258505552,0.38134897440963594
-1.7840315993340208,-0.031255654590233724,-0.9905431427923886,0.1366841027385255,0.30707245605716194,-0.5316278122765854
0.8577788155403537,4.861076407558367,-0.09000162480133052,3.484555988629045,1.4845887150119952,0.40393855193420936
1.221134616938933,2.8705472016752998,1.546503162876037,2.3980373743815373,1.9193854577071012,0.2780631635101512
-2.076853627519934,-0.04670097069841107,0.14097265210871646,-2.065991681458921,0.29282971709829897,-15.821148517641465
-0.6063313253892143,-0.6720671637791412,0.14097265210871646,0.13539919425431604,-1.0425799731366905,-0.06986106220496052
-0.5657209711152552,-0.8344120922154584,0.14097265210871646,-0.7609529643301938,-2.165309745421541,-1.5533924257742173
0.3426685323811926,-0.06733230535385973,0.14097265210871646,0.1366841027385255,-0.6691231246079758,0.2780631635101512
0.8289240901351732,1.813839552901966,1.511570622917235,2.200418449510124,0.3191307258505552,1.0483901230164432
1.22861547167361,0.22285925422605737,0.14097265210871646,0.1366841027385255,-1.4212795476625324,-0.08976672952859445
-0.6864833404036068,-0.4252803246492119,0.14097265210871646,-0.804382871096473,-0.9477740113553018,-0.11257996623657941
0.9774724912951808,0.22285925422605737,0.14097265210871646,0.1366841027385255,-1.108114048100784,0.09269443229860286
0.8321301707357486,0.22285925422605737,0.08575019575352011,0.1366841027385255,0.3191307258505552,1.1084649796808033
-0.7773222907532517,-0.9972079787863211,-4.238139900394185,-1.4745054758945064,-0.6395017227242056,0.26862474597018093
-1.474110474611703,0.22285925422605737,0.14097265210871646,0.1366841027385255,0.3191307258505552,0.2780631635101512
1.132433053656339,1.6644596708338268,0.7225228005914527,1.4827542307963415,0.3191307258505552,1.3080137031206482
1.789679576774357,0.22285925422605737,0.14097265210871646,-0.7150389011611095,0.3191307258505552,0.2780631635101512
-1.7818942122669699,-0.6470389873118757,0.060014675552924585,0.1366841027385255,0.3191307258505552,0.26665654515615866
-0.4524394565615806,-1.183566427887177,0.14097265210871646,-1.0697593033685306,-1.3667551972924068,-0.345274980658026
2.496086002434535,0.22285925422605737,-1.5631382983526607,0.1366841027385255,0.3191307258505552,1.1513628110591518
-1.5360946995561668,0.22285925422605737,0.14097265210871646,0.1366841027385255,0.3191307258505552,0.2780631635101512
-0.6127434865903656,-0.30746751199924555,0.14097265210871646,-2.12432652664203,-0.04419018575037962,-0.17386258249136252
2.0825016049602705,-0.643769540836422,-0.8952249073158884,0.1366841027385255,-0.7815795972463605,0.2780631635101512
0.7733520263918613,2.0450683363900817,-3.677363721979327,0.1366841027385255,0.3191307258505552,0.2780631635101512
-0.47167594016503506,-0.3969827017064927,0.14097265210871646,-0.3233131346084563,0.18710140948956125,-0.29392283214671866
-0.4449586018269048,-0.8718416173827205,0.14097265210871646,0.1366841027385255,0.3191307258505552,-0.44891864625096933
-0.5881635353192856,0.22285925422605737,0.14097265210871646,0.1366841027385255,0.13484890705152403,0.011685076066915108
0.7135051885144478,0.22285925422605737,0.14097265210871646,0.1366841027385255,0.3191307258505552,0.2780631635101512
0.7263295109167504,0.22285925422605737,0.14097265210871646,0.9145676990789242,0.3191307258505552,0.2780631635101512
-0.6480103731966985,0.22285925422605737,0.7345838045726095,0.1366841027385255,0.3191307258505552,0.2780631635101512
0.7690772522577597,0.22285925422605737,0.19865571462729265,0.1366841027385255,0.3191307258505552,0.2780631635101512
0.8331988642692737,0.22285925422605737,0.43233262453646176,0.1366841027385255,0.3191307258505552,0.2780631635101512
0.8289240901351732,0.22285925422605737,0.7472498756431221,0.1366841027385255,0.3191307258505552,0.2780631635101512
0.5649567873544402,0.22285925422605737,0.5157512072556335,0.1366841027385255,0.3191307258505552,-0.35086646024331636
0.6386966411676814,1.4131632503584441,1.0719692135973444,0.2900165151875194,0.5706068161794369,0.2780631635101512
0.8096876065317188,3.9817080451949822,-1.7476837606061475,2.4961187220095247,1.8609290628391302,1.4780841461868424
0.7038869467127206,0.22285925422605737,0.30716441265174715,0.1366841027385255,0.3191307258505552,0.2780631635101512
0.8406797190039507,0.22285925422605737,0.7276860397539546,0.1366841027385255,0.3191307258505552,0.2780631635101512
-0.06984717155954798,-0.2556073265265331,0.14097265210871646,-1.001830474836658,0.3191307258505552,0.023628476461095466
-0.3669439738795619,-0.6521122663255107,0.14097265210871646,0.1366841027385255,0.3191307258505552,0.2780631635101512
-0.5550340357800029,0.22285925422605737,0.14097265210871646,-0.8004424850782307,-1.3786387095525625,0.22706886969230244
-0.44282121475985337,-0.46090601727829256,0.14097265210871646,-1.814320939685098,-1.2817356573723226,-0.5577512048990623
-0.5475531810453265,-0.6385835222891509,0.14097265210871646,-1.2191513297992824,-3.450826159917201,-0.1616507910770882
0.9379308305547468,0.22285925422605737,-0.04764692854643194,0.1366841027385255,0.3191307258505552,0.15089055182230562
-0.7580858071497972,0.22285925422605737,0.7277263775599117,0.1366841027385255,-0.057384379509817104,-0.07080043077528932
-0.2857232653316449,-0.35188688825196013,0.14097265210871646,-0.8152617629294463,-1.2645220403484208,-0.566831767745574
-0.4214473440893487,-0.9745473325254184,0.14097265210871646,-0.34686979015229613,-1.7156586124012407,-0.3285005419021546
-0.47167594016503506,-0.4595531428746566,0.14097265210871646,0.1366841027385255,-2.8841748583943385,-1.2374514632869669
0.8887709280125856,0.22285925422605737,1.0972206801264555,2.406175128114864,1.76332698052594,1.8824599497950458
-0.5625148905146798,-0.683904814810956,0.45379233730561036,-0.614130754867861,-0.7274921407093287,-0.13145680131651988
-0.684345953336556,-0.14794107190383665,0.14097265210871646,-3.798390960435711,-0.7786960979479404,-0.30998156151567274
-0.2141207985854539,-0.49878650058009993,0.5361621370698989,0.1366841027385255,0.01479048171730461,0.03427465359148845
1.245714568210013,0.22285925422605737,0.14097265210871646,0.8588026708642343,0.3191307258505552,0.2780631635101512
0.49549170767530065,-0.2742093495765278,-2.84987397057648,-0.08423449597988537,0.3191307258505552,-0.19774938327972325
-0.054885462090193994,-0.10555100725657598,0.14097265210871646,0.0750084954964721,0.3191307258505552,-0.9169478534581195
1.2328902458077104,0.5222954555641536,0.2165657004722212,0.6000221021444518,0.3191307258505552,0.34645814179742374
-1.0861747219420437,-0.22708422451654126,-0.13235632105622913,-0.7924760524761322,0.17810139652782578,0.2780631635101512
-0.38511176394949126,-0.5673321370309894,0.14097265210871646,-0.3586052876414091,0.3191307258505552,0.21351512317755844
-0.6106060995233153,-0.3123153119456078,0.14097265210871646,-0.009452822198895545,0.3191307258505552,-0.17502561024510294
0.6942687049109934,0.22285925422605737,0.6855733703347983,0.1366841027385255,0.3191307258505552,0.2780631635101512
-0.44175252122632824,-0.8800716033381727,0.14097265210871646,-0.19190982695663694,-0.62761821046405,-0.1236734617337956
-0.41930995702229845,-0.8442204316418194,0.14097265210871646,0.1366841027385255,0.3191307258505552,0.2780631635101512
-0.43961513415927805,-0.5690232300355343,0.14097265210871646,0.1366841027385255,0.3191307258505552,-0.7944273527852356
1.0907540058488547,4.042474653824964,0.14097265210871646,4.137889122566741,4.269262628386259,2.691971998235053
-0.20984602445135345,0.22285925422605737,0.45689834836430293,0.1366841027385255,0.3191307258505552,0.2780631635101512
-1.8663210014154634,-0.4982228029119183,-0.35030148664215016,-0.8681999924788755,0.043013823335174194,-0.2662338252403604
-0.7292310817446161,-1.0504210386626693,-0.5740956340918429,-2.7385984426597596,-1.1780170613958172,-0.189831848186952
-0.47381332723208525,-1.0106239832890445,0.14097265210871646,-0.08594770729216455,-0.7346571995720695,-0.4879248078379554
0.8609848961409302,0.22285925422605737,-1.060650249545735,0.5370615864181889,0.3191307258505552,0.2780631635101512
-0.8660238540358457,-0.06473929608022408,-1.7149294621690259,-1.4639692263239887,-0.3729091057702729,0.2780631635101512
-0.6052626318556892,-0.5541416115955387,0.14097265210871646,-0.21683705155030017,-1.1768811374297727,-1.7133982055868882
-0.6448042925961226,-0.7841302602136547,0.14097265210871646,-0.5228165919233764,-0.8891428589540927,-0.8701583522884091
0.9913655072310085,0.22285925422605737,1.4054418554442463,2.0049410387790605,0.3191307258505552,0.2780631635101512
0.7199173497155996,0.22285925422605737,0.7494684549707596,0.1366841027385255,0.3191307258505552,0.2780631635101512
-2.0180754831760463,-0.045799054429320425,0.14097265210871646,0.1366841027385255,0.3191307258505552,0.2780631635101512
1.3194544220232542,0.9359368044758535,0.3230978460047804,1.6372858911639308,0.8821121191754283,2.12454864991978
-1.4270879591365926,0.22285925422605737,0.33076202913661923,0.1366841027385255,0.3191307258505552,0.2780631635101512
-0.31564668427035164,0.15713210611607611,-2.682754440496437,-0.0991394343967149,-1.815794678946376,-0.632274444811813
2.096394620896098,-0.5199815329037303,0.47561509032837246,-0.4599417367627274,0.3191307258505552,0.13429504041316367
0.9219004275518677,-0.19957577830927642,-0.7724366259826395,0.1366841027385255,0.3191307258505552,0.2780631635101512
0.03061002059182468,0.22285925422605737,0.18974105951078543,0.1366841027385255,0.3191307258505552,0.2780631635101512
0.09259424553628727,0.22285925422605737,0.607721404837699,0.1366841027385255,0.3191307258505552,0.2780631635101512
-0.37869960274833936,-0.7940513391736519,0.14097265210871646,-0.2630937569818403,-0.44342377043163766,0.22970804805655956
-1.7872376799345961,0.22285925422605737,-3.860174658576661,0.1366841027385255,0.3191307258505552,1.0644935842220795
-0.8884664182398755,0.22285925422605737,0.14097265210871646,-1.2297732399354138,0.2711597829768387,0.2780631635101512
-0.6159495671909415,-0.15481818345565282,0.14097265210871646,0.1366841027385255,0.12672268175597637,-0.3488535275926118
-0.2611433140605637,-0.2459117266338086,0.14097265210871646,-0.781254518380703,-1.243463757593292,-0.9935734896949394
1.3675456310318903,0.2698716397524075,1.7769530483086424,2.5804943791392785,1.4263070776772613,0.7401430364385523
1.837770785782992,0.21034516599242448,0.14097265210871646,0.007507969792669071,0.3191307258505552,0.03892676460645007
0.7028182531791954,0.22285925422605737,1.4175431972313601,0.1366841027385255,0.3191307258505552,0.2780631635101512
1.0597618933766229,-0.1492939463074727,0.14097265210871646,-0.7992432371596353,0.3191307258505552,0.11528400982317617
-0.3957986992847436,-0.9764639045972361,0.14097265210871646,0.06284469517928924,-1.7714936442706486,0.2780631635101512
-0.8371691286306646,-1.48739947103709,-0.08512075028052793,-0.901778934199549,-0.908715702676702,-0.013543679821915311
-0.4182412634887734,-0.4196433479673953,0.2370169680924437,0.1366841027385255,0.1625479760696809,0.052569974794558716
-0.3124406036697751,-0.7728563068500216,0.14097265210871646,0.1366841027385255,0.3191307258505552,-1.6559177954501023
1.8003665121096093,-0.3002521818465203,0.14097265210871646,0.1366841027385255,0.3191307258505552,0.2780631635101512
0.7113678014473975,0.22285925422605737,0.9540618067848984,0.1366841027385255,0.3191307258505552,0.2780631635101512
-0.4545768436286308,-1.108820117086289,0.14097265210871646,-0.14059914815387303,-1.223716156337445,-0.5721548563107705
0.8150310741993444,0.22285925422605737,0.9080767079938656,0.6735188674412322,2.7953575930604853,0.2780631635101512
-1.567086812028398,0.22285925422605737,0.14097265210871646,0.1366841027385255,0.3191307258505552,0.2780631635101512
-0.27610502352991767,-0.6048744017318878,0.14097265210871646,0.1366841027385255,-0.36425860787501263,0.19580131585135838
-0.44923337596100527,-0.3779297205219527,0.14097265210871646,0.1366841027385255,0.3191307258505552,0.12414091348627623
-0.3573257320778347,-0.5815373182691672,0.14097265210871646,0.1366841027385255,0.3191307258505552,-0.10712268216133594
0.8973204762807877,-0.5569600999364469,-0.6629194828092588,0.1366841027385255,0.3191307258505552,0.061337414784294116
-0.5892322288528107,0.22285925422605737,0.5212774866717488,0.1366841027385255,0.3191307258505552,0.2780631635101512
-0.04633591382199308,-2.3397103453277555,0.14097265210871646,-2.941956625427308,-1.0074537089559363,-1.9747215954850217
-0.5561027293135286,-0.4092713108728528,0.14097265210871646,-0.3703407851305221,0.1466450405450608,-0.45200514298204963
-0.7901466131555542,-1.7477150542033788,-1.1348718125067003,-2.5737018538528806,-1.0874052804121306,-0.3442908802510148
-0.1275566223699101,-0.3836794367374056,0.14097265210871646,-0.8598052570487071,0.019596313881338135,-1.083976531629915
0.779764187593012,0.22285925422605737,0.14097265210871646,0.1366841027385255,0.3191307258505552,0.34847107444812825
0.004961375787218366,0.22285925422605737,0.14097265210871646,0.1366841027385255,0.3191307258505552,0.2780631635101512
-0.3658752803460368,-0.5704888439728067,0.14097265210871646,0.1366841027385255,0.3191307258505552,0.2780631635101512
-0.2675554752617156,-0.8118641854881922,0.45274355435072716,0.1366841027385255,0.3191307258505552,-1.2686295534545464
0.8417484125374758,0.22285925422605737,0.7906533548529039,0.7619205711548421,0.8098498791816878,0.6477270618528721
-0.7495362588815957,-1.8330588811660822,-0.15446143872069049,-1.1000831435958736,-0.23694774491143353,-0.659516133351348
1.8238777698471642,0.22285925422605737,1.3037099088205755,0.22671335719880065,0.3191307258505552,0.5145156522129128
-0.2932041200663207,-0.9243782400572509,0.14097265210871646,-0.70921398269936,-0.9037351129794309,-0.32362477170378134
-0.31671537780387676,0.22285925422605737,0.14097265210871646,-0.20510155406118727,-0.3944916611251145,-0.26064234565507
-0.05595415562371911,-1.9295639219587817,-0.3598615466539702,-1.0993121985053478,-1.574454525545274,-0.4857776796772038
-0.8286195803624625,-0.7357650002836685,0.14097265210871646,-3.3531273403743307,-1.288725958701826,-0.09321108095313335
-0.42572211822345035,-0.6443332385046038,0.14097265210871646,0.1366841027385255,0.3191307258505552,0.2780631635101512
0.7177799626485483,0.22285925422605737,0.22531900436490024,0.1366841027385255,0.3191307258505552,0.2780631635101512
-1.3073942833817667,0.22285925422605737,-1.3397878667684955,-0.5907454204552491,-0.09679220325489206,-0.4075416973198202
-0.4631263918968329,0.14529445508426134,0.12491820533781205,-1.6606458849736478,-0.4733946873818831,-0.4473083001304057
2.1081502497648756,-0.14963216490838166,-0.3917284133600367,-0.24638994668711747,0.3191307258505552,0.24098047090050506
-0.6715216309342534,-1.3149079845735028,0.14097265210871646,-0.4847833007907767,0.3191307258505552,-0.890466606142184
-0.6586973085319509,-0.6500829547200567,0.14097265210871646,-1.258897832244161,0.08574204021176322,-0.5604798469366841
-0.6330486637273451,0.22285925422605737,0.9122315020074414,0.1366841027385255,0.3191307258505552,0.2780631635101512
-1.2315170425014752,-0.3162611956228794,-1.167706786555736,-1.3160334295086746,-0.46561797715281067,-0.42324257199531573
-0.4118291022876215,-0.7943895577745609,0.14097265210871646,0.1366841027385255,-0.2965400637454493,-0.6504803023415188
-0.16923567017739433,-2.194840044605069,0.09313201424365959,-1.1331481219228634,-0.7790456130144155,-0.4655141576601113
1.5299870481277256,0.22285925422605737,0.14097265210871646,0.1366841027385255,0.3191307258505552,-0.12197365193986731
0.9069387180825149,0.22285925422605737,0.14097265210871646,0.1366841027385255,0.3191307258505552,0.2780631635101512
2.076089443759119,-0.2952916423665218,0.42482979262845116,-0.10839077548302288,0.3191307258505552,0.2780631635101512
-0.4791567948997114,-0.7996883158554685,0.14097265210871646,0.1366841027385255,0.3191307258505552,-0.40991248466398333
-0.08801496162947611,0.00606113104339205,0.7865388986452851,0.1366841027385255,0.3191307258505552,0.2780631635101512
-0.755948420082747,0.22285925422605737,0.14097265210871646,-0.4441801926897582,-0.6814435307012254,0.2780631635101512
-0.7698414360185747,0.22285925422605737,0.14097265210871646,0.1366841027385255,0.3191307258505552,0.2780631635101512
-0.3092345230691998,-0.8022813251291041,0.14097265210871646,-0.30575271865759385,0.3191307258505552,-0.5804302460970002
-0.25900592699351344,-1.8457984484669874,-0.3560294550880508,-0.6225254902980294,-1.6788721516547298,-0.44972381931125116
2.6724204354661993,0.22285925422605737,0.14097265210871646,-0.19824870881207018,0.3191307258505552,0.2780631635101512
-0.34663879674258236,-0.651886787258238,0.14097265210871646,-0.08851752426058351,0.19007228755460018,-0.1211684788795855
0.819305848333446,0.22285925422605737,0.8515634418480437,0.8516928439182754,0.6942477709450267,0.2780631635101512
-0.21946426625308066,-0.19765920623745872,0.14097265210871646,0.1366841027385255,0.3191307258505552,-0.3476010361655068
-0.5283166974418726,-0.6483918617155117,0.14097265210871646,-0.38353251223507234,-1.903260824331786,-1.1316159376965895
1.3878508081688699,0.22285925422605737,1.1355012579796926,0.1366841027385255,0.3191307258505552,0.5975826729319875
0.7562529298554571,0.22285925422605737,0.9571678178435908,0.1366841027385255,0.3191307258505552,0.2780631635101512
-0.7249563076105151,0.16953345481607257,-0.9047042917157943,-0.7562416332214258,0.3191307258505552,-0.7758636405620714
1.037319329172593,1.6538621546720116,1.6914368996797042,3.308180884029895,0.744403182984213,2.571374966539509
0.5446516102174607,0.22285925422605737,0.5190589073441112,0.1366841027385255,0.3191307258505552,0.2780631635101512
1.5780782571363605,1.6352601316220172,2.419171256950776,0.9396662448038154,0.8163159079114783,1.2717809154079662
0.5564072390862381,0.22285925422605737,1.4263771767359532,0.17291852199323182,0.3191307258505552,0.2780631635101512
-0.6255678089926687,-0.3591022184046853,0.14097265210871646,-0.49591917432059196,-1.0652110736909575,-1.821693982194793
0.7594590104560325,1.1856548714803274,-0.5102005494558817,2.2168652781080054,0.6987040880425851,0.2780631635101512
0.03595348825945025,0.22285925422605737,1.6443626801278313,0.1366841027385255,0.3191307258505552,0.2780631635101512
1.7939543509084575,0.15611745031334906,0.3713821997353648,0.1366841027385255,0.3191307258505552,0.2780631635101512
-0.2814484911975432,-1.0483917270572156,0.14097265210871646,0.1366841027385255,0.3191307258505552,-0.8410826584448989
-0.3124406036697751,-0.107242100261121,0.3283014229732394,0.1366841027385255,-0.7946864122391792,-0.1968994783827591
-0.664040776199577,-0.6248292991855184,0.14097265210871646,0.1366841027385255,0.3191307258505552,0.2780631635101512
1.9147167201968096,0.009781535653391047,-2.0388420440041073,0.1366841027385255,0.3191307258505552,0.2780631635101512
0.6889252372433677,0.22285925422605737,0.14097265210871646,0.1366841027385255,0.3191307258505552,0.2780631635101512
-0.49732458496964077,-1.2589891758898826,0.14097265210871646,-0.7459623653477502,-0.16922920078187012,-0.13329080662049517
1.8206716892465888,0.08666989759336897,-2.573761688800498,0.1366841027385255,0.3191307258505552,0.2780631635101512
1.4968575485884434,0.22285925422605737,1.4500958066386964,0.33344642195379864,0.3191307258505552,0.2780631635101512
-0.40327955401942056,-0.09889937477203252,-0.5963621029801325,0.1366841027385255,-0.38182173996538965,-0.03420978836914874
-0.32099015193797725,-0.38435587393922355,0.14097265210871646,-1.2327713597319023,-0.06411254453946405,-0.813438383375223
0.7669398651907094,0.22285925422605737,1.5899873176977328,0.754982065340111,2.9483578134099893,2.2396883975400805
-0.4225160376228738,-0.5063400493337341,0.14097265210871646,-1.2876797822904527,-1.9085909290955323,-0.7922802246244841
1.454109807247434,0.041235865537927414,0.14097265210871646,-0.7174373969983004,0.3191307258505552,-0.03859350836401644
1.3557900021631129,0.22285925422605737,0.14097265210871646,0.1366841027385255,-0.09853977858726787,0.2780631635101512
-0.4182412634887734,-0.4136681526846697,0.14097265210871646,0.025582349137215327,0.09832458260486919,-0.16777905270256654
-0.5101489073719433,-0.7323828142745785,0.14097265210871646,-0.40580425929470276,-1.8817656477435634,-1.8958593674140858
-0.7815970648873527,-0.07928269591931078,-2.2727206429430615,0.1366841027385255,0.3191307258505552,0.015039963818089357
0.730604285050852,0.22285925422605737,0.6515282621070513,0.1366841027385255,0.3191307258505552,0.2780631635101512
1.2820501483498716,1.218123857167591,0.4849331235044501,0.7372503282580207,0.3191307258505552,1.943205784009641
-0.664040776199577,-0.45064671971738646,0.14097265210871646,-0.9861545913293026,0.3191307258505552,-0.402129145081259
-0.21946426625308066,-0.6005902994537072,0.14097265210871646,-0.5077403323753189,-1.8489986102615166,-0.9215552326363988
0.10434987440506471,0.22285925422605737,0.6388621910365387,0.1366841027385255,0.3191307258505552,0.2780631635101512
0.9539612335576247,3.7127115179386956,0.14097265210871646,2.8453568480176523,1.0471706093183253,1.6712809488177969
0.7968632841294162,0.22285925422605737,0.49513858841158287,0.1366841027385255,0.3191307258505552,0.2780631635101512
0.8524353478727281,0.22285925422605737,0.14097265210871646,0.1366841027385255,0.3191307258505552,0.2780631635101512
-0.6971702757388591,-0.9285496028017951,0.14097265210871646,0.1366841027385255,0.07918863271535383,0.1496380603952006
2.6189857587899374,-0.16744501122292196,0.14097265210871646,0.1366841027385255,0.3191307258505552,0.2780631635101512
-0.592438309453386,-0.2735329123747098,0.14097265210871646,-2.0724162238799684,-1.090550916010407,-0.5697840689666073
0.5820558838908444,0.22285925422605737,0.2748941678861101,0.1366841027385255,0.3191307258505552,0.08464270169578463
-1.3993019272649367,0.22285925422605737,0.421199390092317,0.1366841027385255,0.3191307258505552,0.2780631635101512
1.3643395504313138,0.22285925422605737,0.6421698911250165,0.8188848472881276,0.3191307258505552,0.2780631635101512
-0.5133549879725192,-0.42110896190466757,0.14097265210871646,0.1366841027385255,-0.832084524352022,-0.18388251390820298
0.8235806224675465,0.22285925422605737,0.23887250716646777,0.1366841027385255,0.3191307258505552,0.2780631635101512
0.37045456425284795,0.22285925422605737,0.8242144094091663,0.1366841027385255,0.3191307258505552,0.2780631635101512
0.8096876065317188,0.22285925422605737,-2.3614638160485635,0.1366841027385255,0.7671216623050988,0.2780631635101512
-1.16098326928881,-0.3007031399810656,-0.2713200625782536,-1.2868231766343132,0.02903322067616758,0.2780631635101512
1.1110591829858343,0.22285925422605737,0.9829033380441864,0.1366841027385255,0.4698590982679704,1.021685216517096
2.285553376330065,0.05814679558337708,-1.358464270926608,0.1366841027385255,0.3191307258505552,0.2780631635101512
-0.24083813692358533,-0.49698266804191865,0.14097265210871646,-0.5571664787345756,0.3191307258505552,-0.7878517727929341
1.2660197453469926,2.190051376646404,1.367080601979095,0.9833531332669365,2.352696761369688,1.2019545183468594
0.6173227704971768,0.22285925422605737,0.848255741759566,0.1366841027385255,0.3191307258505552,0.2780631635101512
-0.8756420958375729,-0.5913456576955279,0.14097265210871646,-0.4267910978701237,-1.464706794672072,0.2780631635101512
-0.6522851473307996,-1.272066961791697,0.14097265210871646,-0.5993114770166453,-0.1929962253021814,-0.958101143205857
-0.54007232631065,-1.1833409488199043,-0.06684772418198598,0.026181973096513107,-0.8292884038202206,-0.7080949079883513
0.5254151266140074,0.22285925422605737,0.6597168367163316,0.1366841027385255,0.3191307258505552,0.2780631635101512
-0.7644979683509485,-0.39450243196649337,0.12326435529357313,-0.5338668048875775,-1.0701916633882285,0.2780631635101512
-2.2029594644759114,0.22285925422605737,-1.2484630740817426,-0.34883998316141734,0.3191307258505552,-1.771012811233721
0.9507551529570494,0.22285925422605737,1.4351304806286322,0.27519723733630375,0.6072185193927104,0.2780631635101512
1.5193001127924732,0.22285925422605737,1.2229939591005259,0.77117191224115,0.3191307258505552,0.2780631635101512
-1.216555333032122,-0.4159229433573963,-2.199910903190593,-0.2796262461453351,-1.293706548399097,-0.17055242657687059
0.8364049448698491,0.22285925422605737,0.14097265210871646,0.1366841027385255,0.3191307258505552,0.2780631635101512
-0.4278595052905006,-0.7506466187236642,0.14097265210871646,0.1366841027385255,-1.2489686198902759,-0.5202659257592752
-0.230151201588333,-0.8365541433545488,0.5593563754952006,-0.4449511377802839,-0.19439428556808205,0.05798252703311987
-1.7370090838589103,0.22285925422605737,0.14097265210871646,0.1366841027385255,0.3191307258505552,0.2780631635101512
-1.5638807314278227,0.22285925422605737,0.14097265210871646,0.1366841027385255,0.3191307258505552,0.2780631635101512
-0.6084687124562645,0.22285925422605737,0.14097265210871646,0.1366841027385255,0.3191307258505552,0.2780631635101512
-0.5796139870510835,-0.30419806552379197,-1.334342262964294,-2.210158413387221,-1.148832553345141,-1.0052484990690258
-1.4035767013990377,0.22285925422605737,0.14097265210871646,0.1366841027385255,0.3191307258505552,0.2780631635101512
0.7070930273132959,0.22285925422605737,1.1791871018311735,0.1366841027385255,0.3191307258505552,0.2780631635101512
1.8570072693864463,0.22285925422605737,-1.8645020466577535,1.6301760642179717,0.3191307258505552,0.6319814553406943
-0.5657209711152552,-0.14444614636111036,0.14097265210871646,0.1366841027385255,-0.6963852997930389,-0.06798232506430293
-0.4545768436286308,-0.6018304343237068,0.14097265210871646,0.1366841027385255,0.16787808083342715,-0.7939800344184124
0.9507551529570494,0.22285925422605737,0.14097265210871646,0.1366841027385255,0.3191307258505552,-0.32572716802785057
-0.34343271614200704,-0.5869488158837112,0.14097265210871646,-0.35466490162316683,0.3191307258505552,0.09855430290398723
-0.7399180170798685,-0.6786060567300485,0.14097265210871646,-1.7109286369890442,-0.4091712939170714,-0.8860381543106339
0.7648024781236592,0.22285925422605737,0.14097265210871646,0.1366841027385255,0.3191307258505552,0.2780631635101512
-0.22053295978660578,-0.7089329912782216,0.3388699281339855,-0.04791441615956502,0.3191307258505552,-0.6136212689152841
-0.3370205549408563,-0.024942240706599072,0.14097265210871646,0.1366841027385255,-3.524486460176842,-0.4131331769051106
-1.312737751049393,-0.2799590657919807,-0.08350723804224607,0.1366841027385255,0.3191307258505552,0.2780631635101512
-0.5913696159198609,-0.37184178570559073,0.14097265210871646,-0.27594284182393475,0.2120917367425357,-0.6262803786963818
-0.21091471798487854,-0.23136832679472183,0.14097265210871646,-0.12834968727107626,0.3191307258505552,-0.44381921686918446
0.8257180095345967,1.5596119045520385,-0.02388796083773168,2.577324938211562,1.1027435048878769,0.983797350847168
0.36083632245112074,0.22285925422605737,0.14097265210871646,0.1366841027385255,0.3191307258505552,0.2501504974203813
-1.0284652711316808,-0.41039870620921615,0.14097265210871646,-0.8119210008705017,-0.2932196706139352,-0.3567263308487007
-1.497621732349258,0.22285925422605737,0.14097265210871646,0.1366841027385255,0.3191307258505552,0.2780631635101512
-0.5464844875118013,-1.0020557787326831,0.14097265210871646,-1.4422114426580424,-0.9265409710669354,-0.4149671822090858
-1.6792996330485477,-0.5877379926191654,-0.2589766939553974,0.1366841027385255,0.3191307258505552,0.2063580293083867
-0.6020565512551133,-0.17229281116928416,0.14097265210871646,0.03954502133229128,-1.2838327477711735,0.2529238712946854
-0.4182412634887734,-0.6230254666473372,0.14097265210871646,-1.4277348070692824,-1.7138236583022461,-1.1145283760839422
-0.7944213872896553,-0.7706015161772949,0.14097265210871646,-1.86494633396295,-0.5445210034095794,0.2780631635101512
-0.8093830967590087,-0.5972081134446172,-0.3642180296973311,-0.19045359734119952,-0.8394243407480004,0.2780631635101512
-1.8524279854796353,-0.5037470400600985,0.14097265210871646,-0.4257631710827562,0.3191307258505552,0.2780631635101512
-0.3103032166027249,-1.0124278158272257,0.14097265210871646,-0.41000162700978693,-0.2966274425120681,-0.5773884812026022
1.0768609899130273,0.22285925422605737,0.761166418698303,-0.6178998197548754,0.3191307258505552,0.24791390558626517
2.019448686482282,-0.7186285911709461,0.14097265210871646,0.1366841027385255,0.3191307258505552,0.2780631635101512
-0.239769443390059,0.11553121820426983,0.36956699846729774,0.13000257862063636,0.3191307258505552,-0.4950819017071271
-0.25900592699351344,0.22285925422605737,0.14097265210871646,-0.7869937762768385,0.3191307258505552,-0.813438383375223
0.8182371547999209,2.0845271731627975,-2.4774350081750716,2.479928875108486,1.9433272397606505,1.2090668803793487
1.7544126901680246,-0.7371178746873045,0.14097265210871646,0.1366841027385255,0.3191307258505552,0.2780631635101512
-0.5935070029869117,0.22285925422605737,0.14097265210871646,0.1366841027385255,0.3191307258505552,0.2780631635101512
-0.7014450498729602,-1.1488426515271868,0.14097265210871646,-0.30720894827303125,-1.0299100519769657,-0.20557745469912983
1.2841875354169219,0.22285925422605737,0.14097265210871646,0.1366841027385255,0.3191307258505552,0.601519074560032
-0.47381332723208525,-0.8792824266027183,0.14097265210871646,-0.0778099535588381,-0.939735164826373,-0.7995715140037027
-0.6736590180013037,-0.5126534632173687,0.14097265210871646,-0.2263453743334501,0.2071985258118833,-0.5011206996592408
-1.0263278840646308,-0.03689263127205027,0.14097265210871646,-1.6962806802690567,0.3191307258505552,0.2780631635101512
0.8321301707357486,0.22285925422605737,1.5275847318821822,0.1366841027385255,0.6111505638905561,0.482577120821734
-0.6554912279313749,-1.2056633764798976,0.14097265210871646,-1.158846291607052,-0.07250090613486807,-0.42301891281190407
-2.205096851542962,0.22285925422605737,0.14097265210871646,0.1366841027385255,-1.6982702378441012,-4.893116084313167
0.8428171060710009,0.22285925422605737,-0.5718367169582483,0.1366841027385255,0.7291118988259246,0.2780631635101512
0.90800741161604,0.22285925422605737,0.6258330797124128,0.1366841027385255,0.3191307258505552,0.38345137073370517
-0.12541923530285987,0.22285925422605737,0.14097265210871646,0.1366841027385255,0.3191307258505552,0.2780631635101512
-0.7965587743567055,0.22285925422605737,0.14097265210871646,0.1366841027385255,0.3191307258505552,0.2780631635101512
-1.4153323302678151,0.22285925422605737,0.3330612840761709,0.1366841027385255,0.3191307258505552,0.15804764569147742
0.15350977694722592,0.22285925422605737,0.4561722678570761,0.1366841027385255,0.3191307258505552,0.2780631635101512
-0.45137076302805546,-0.17499855997655622,0.14097265210871646,-0.8374478494234627,0.3191307258505552,-0.08368319973979846
-0.26969286232876577,-0.6018304343237068,0.3472601917730512,0.1366841027385255,-0.49419083383715545,-0.6363003101132223
-0.4299968923575508,-0.9129915471599815,0.14097265210871646,-0.34781205637404977,-1.6173574999551006,-0.39640346998592163
-0.9600688849860665,0.22285925422605737,-0.13909273465105587,0.1366841027385255,0.3191307258505552,0.2780631635101512
-0.3669439738795619,-1.2080309066862607,0.14097265210871646,-0.7311430874965346,-0.456705342957694,-0.5572591546955566
1.1441886825251164,0.22285925422605737,1.0124709498107012,0.1366841027385255,0.3191307258505552,1.2565273590992938
-0.17992260551264666,-0.8595530082163605,0.14097265210871646,-0.15199200338053015,-1.6586876565657889,-0.9555514285149646
2.4982233895015864,-0.09720828176748751,0.14097265210871646,0.1366841027385255,0.3191307258505552,0.2780631635101512
-1.818229792406828,0.22285925422605737,-0.40104644653611443,0.1366841027385255,0.3191307258505552,-0.05281823242899529
0.48907954647414875,0.22285925422605737,-0.9512541197902256,-0.5889465485773558,-3.7280789863986263,-0.16616870658200286
0.6376279476341563,0.22285925422605737,0.882260512181356,0.1366841027385255,0.3191307258505552,0.2780631635101512
-0.7687727424850496,-0.25662198232926015,0.14097265210871646,-0.8080662754178735,-1.3076871510581036,-1.1861887784490242
1.718077110028166,-0.8990118449890764,0.5131695876743825,0.06044619934209836,0.3191307258505552,0.24370911293812678
-0.3402266355414317,0.22285925422605737,0.14097265210871646,-0.8108074135175202,-0.21615159845616116,0.08500055638924321
0.8577788155403537,4.675958093327511,-1.6090830593377363,3.5774120417545805,1.112180411682706,1.6363453843689026
0.7637337845901341,0.2700971188196802,-1.355963326957271,0.7464160087787147,0.6156068809881143,1.3012591957816173
-0.5432784069112254,-0.32054529790106,0.14097265210871646,-0.6531063122222142,-0.42559850204140426,-0.6536562627459638
0.9528925400240996,1.5169963608375052,-0.5119350751120346,1.9806990987103088,1.2284815500523174,0.6614597357143454
-0.039923752620841205,0.22285925422605737,0.9036798871445475,0.1366841027385255,0.3191307258505552,0.2780631635101512
2.7365420474777133,0.22285925422605737,0.7057826111192785,0.1366841027385255,0.3191307258505552,0.2780631635101512
0.7605277039895576,0.22285925422605737,0.5931997946931623,0.1366841027385255,0.3191307258505552,0.2780631635101512
1.0234263132367656,0.22285925422605737,0.5815421687715759,0.1366841027385255,0.3191307258505552,0.31845601203428925
-0.7313684688116664,-0.45752383126920265,0.14097265210871646,-1.2891360119058901,-1.207026811913256,0.04666537235249202
-0.6576286149984257,-0.4885272030191937,0.14097265210871646,0.0244687617842338,0.29038311163297276,-0.3812393773506139
0.09793771320391403,0.22285925422605737,0.4759377927760288,0.1366841027385255,0.3191307258505552,0.05301729316138196
-1.9603660323656837,1.1660381926276056,0.5583479303462743,0.1366841027385255,0.3191307258505552,0.2780631635101512
-0.6533538408643247,-0.10273251891566779,0.14097265210871646,0.1366841027385255,0.3191307258505552,-0.36916178144638667
1.1741121014638232,0.6313145845904858,1.2897933657653944,1.6731776681561812,0.3191307258505552,0.2780631635101512
2.0739520566920686,-0.7266330980591257,0.14097265210871646,0.1366841027385255,0.3191307258505552,0.19061242279620888
-1.4025080078655126,0.22285925422605737,0.14097265210871646,-0.9486352635903869,0.3191307258505552,0.2780631635101512
0.6237349316983286,-0.08311584006294605,-1.6421197224165573,-1.1487383448646047,-2.2956788652167783,0.2780631635101512
-0.230151201588333,-0.48334118447192254,0.34334742459521767,0.1366841027385255,0.3191307258505552,-0.3313633794498233
-0.54007232631065,-0.570601583506443,0.14097265210871646,-0.8681999924788755,-1.9218725016215887,-0.3916618952975954
1.6015895148739154,-0.5629352952191724,0.43612437829642414,0.1366841027385255,0.3191307258505552,0.18604977545461188
-0.7848031454879281,0.22285925422605737,0.35686058959082817,-0.15850220636719134,-1.203269524948648,0.2780631635101512
-0.5048054397043171,-0.8171629435690998,0.14097265210871646,-0.11995495184090794,-0.3419770223872208,-2.3122680350898346
-0.41717256995524826,-0.04151495215113976,0.14097265210871646,0.1366841027385255,-2.1858437555769576,-0.45952009154468
-0.6074000189227394,-0.7483918280509376,0.14097265210871646,0.022584229340726663,-0.9524050859860977,-0.30063260764906713
-0.2002277826496262,-0.9107367564872548,0.14097265210871646,0.1366841027385255,-2.22542633685527,-1.2532865334725094
0.8706031379426574,0.16175442699516576,0.11620523925109005,0.1366841027385255,0.3191307258505552,0.2780631635101512
0.762665091056609,2.088698535907342,-2.251180254561999,1.2217464873705959,0.3191307258505552,0.2780631635101512
-0.215189492118979,-0.08300310052930977,0.14097265210871646,-0.2108408119573228,0.3191307258505552,-0.2582715583109068
0.8000693647299916,4.073139806974047,-1.9935426879143445,3.2635517293450205,2.4184055938670195,1.2242309730146566
-1.3309055411193222,-0.6567345872046002,0.14097265210871646,0.1366841027385255,0.3191307258505552,-0.052728768755630644
-0.4503020694945304,-0.5798462252646223,0.14097265210871646,-1.1180718623748058,-0.22253024841933294,-0.22924059630407895
-0.8831229505722493,0.22285925422605737,0.14097265210871646,-1.0748132767397545,0.3191307258505552,-0.1794093302399706
-0.23121989512185812,0.050142288695197566,0.14097265210871646,-0.8011277696031424,0.3191307258505552,-0.10139700706599855
-0.271830249395816,-0.4936004820328287,-0.3103267209387173,-1.6596179581862804,0.06302356089087749,-0.09907095155851772
-0.7965587743567055,-0.5800717043318949,0.14097265210871646,-0.25290014967377866,-0.6553172794822069,-0.12233150663332591
-0.47060724663150993,-0.1978846853047314,0.14097265210871646,-1.874540317311714,0.2404898358936429,-1.3553198529448893
-0.08908365516300122,-0.3632735811492296,0.266907282306615,0.1366841027385255,0.3191307258505552,0.2780631635101512
0.85884750907388,0.22285925422605737,0.36593659593116357,0.1366841027385255,0.3191307258505552,0.2780631635101512
-1.6173154081040844,0.22285925422605737,0.14097265210871646,0.1366841027385255,0.3191307258505552,0.2780631635101512
-0.32419623253855256,-1.2357648319607981,-1.605250967771817,-0.3507245156049245,-0.40060817478842986,-0.8260974931563205
-0.9012907406421786,-0.36383727881741124,0.14097265210871646,0.1366841027385255,0.3191307258505552,-0.5772990175292376
1.7747178673050041,0.22285925422605737,0.33882959032802845,0.1366841027385255,0.3191307258505552,0.2780631635101512
-0.38511176394949126,-0.9488427188563349,0.16295675635530668,-0.23234161392642755,0.3191307258505552,-0.566429181215433
-1.3031195092476657,-0.7630479674236607,0.08913857145391199,-0.8766803884746578,0.3191307258505552,0.1021328498385731
