ETHUSDT_price,XRPUSDT_price,ADAUSDT_price,SOLUSDT_price,ETHUSDT_funding_rate,XRPUSDT_funding_rate,ADAUSDT_funding_rate,SOLUSDT_funding_rate,BTCUSDT_funding_rate
0.15663139809047666,1.6101390631421175,-0.27938287729252026,-0.39496117232062744,0.22285925422605737,0.1366841027385255,0.3191307258505552,-0.08283329484283432,0.36214975595928034
-0.1950287340594516,-1.0102974810617522,0.24040748481924998,-0.5952815867720446,-0.7411764978982124,-1.540207129720416,0.3191307258505552,0.08428484700232604,-0.21254038457575083
0.1284627038315284,-0.9996105457264999,0.5336225608823002,-0.5036017632244852,-0.2881890517474329,-2.518964752425558,0.07490707315103314,-0.22056261998770818,0.36214975595928034
-1.1372446442560602,-1.8310541148091306,0.059967438011219114,-0.5017681667535341,-0.29889930744288434,-0.11233116150126524,-0.3431129463532651,0.2780631635101512,-0.7550588760951845
0.2612323455616042,-0.7067885175405864,-0.4639238342552792,-0.5022265658712718,-0.09517897016203353,0.1366841027385255,0.3191307258505552,-0.4083916022167843,-0.6009374293153352
1.0441246856821218,1.2414397940759125,0.46390708825192495,1.0086569261925054,0.6291725334513957,1.5315807531963006,0.3191307258505552,0.2780631635101512,0.36214975595928034
-0.5856226665545519,-0.28465457179811976,-0.7089532160002754,-0.3757084093756401,-0.1933751039592782,0.017872898231958693,-0.8344437510507294,-0.4089283842569722,-0.9126174648638796
0.0376769758377202,0.8342675578027988,-0.4311165530174556,-0.41375553614787713,-0.14974490444201793,-0.07429787036866557,0.011470088585790477,0.16198404731952185,0.36214975595928034
-0.0643672589379288,0.4783926111388964,-0.5982286418226204,-0.4325498999751268,0.22285925422605737,-0.05391065575254236,-0.12519030240599927,0.09497575596940136,0.36214975595928034
0.04310438348952411,0.7049556402462457,-0.11534647110340177,0.4136548713688456,0.22285925422605737,0.33995662494046,0.3191307258505552,0.2780631635101512,0.36214975595928034
-1.3165285152003534,-1.7102917455207796,-0.02410122016070418,-0.5022265658712718,0.22285925422605737,0.1366841027385255,0.3191307258505552,0.2780631635101512,0.36214975595928034
-0.6549230369846072,-0.21732687918602925,-0.7151045812323678,-0.09883534226201086,0.1396574784024448,0.1366841027385255,0.0005477427584416381,-0.15865375801937254,0.1215498167400687
-0.9990924494828731,-0.4951871979025899,-0.8381318858742065,-0.3807507996707558,0.04382887481156307,0.1366841027385255,-0.8343563722841105,-0.75466074997465,0.31320485403811504
0.8936823281271651,0.7273982044502755,0.48543686656424667,1.1145471223899364,0.22285925422605737,0.1366841027385255,0.3191307258505552,0.2780631635101512,0.36214975595928034
1.264943924275757,0.7444973009866797,0.57463166242958,1.3584154530264443,0.22285925422605737,0.1366841027385255,0.3191307258505552,1.180483236739344,-0.05401939605017886
-0.13191829962897356,-0.9461758690502382,0.41982230408859894,-0.4559282549797545,-0.3243784420446953,0.1366841027385255,0.3191307258505552,0.2780631635101512,-0.9758608774586438
-0.23741633927395214,-0.0025194789474574375,-0.5623456779687506,-0.05941301813656039,0.22285925422605737,0.1366841027385255,0.3191307258505552,0.2780631635101512,0.36214975595928034
-0.8605814178401465,-0.2964102006668972,-0.7745677784759231,-0.15842722756792443,-0.052901645048409295,0.1366841027385255,0.3191307258505552,-0.6119661909580383,-0.6597813001643766
-1.0629654122611254,-1.5403694736902673,0.5038909622605222,-0.3610396376080306,0.22285925422605737,0.1366841027385255,0.3191307258505552,0.2780631635101512,0.36214975595928034
0.22176028991212157,-0.6928955016047581,-0.5438915822724744,-0.72730053268053,-0.2013796108474577,0.1366841027385255,-2.4907082723099205,0.2780631635101512,0.36214975595928034
-0.8651117333180983,-0.2814484911975432,-0.7981480118656092,-0.5531088679401672,-0.6354268153473336,-0.3052387552639101,-0.03492803648878773,-0.533506549417243,-1.531990451253907
2.5021685958435484,0.9870907330969069,3.367351477799329,3.373537974601797,2.169081823390046,3.333879053714084,4.659234063805926,2.245950854675606,0.7774939938914163
1.1927728588893742,0.8331988642692737,0.6125650813608136,1.2076021432907091,0.22285925422605737,0.1366841027385255,0.3191307258505552,0.2780631635101512,0.36214975595928034
-1.0302664025242254,-0.47381332723208525,-0.9047716758885364,-0.6099503585396541,0.22285925422605737,-1.0045716129363047,0.3191307258505552,0.1666808901711658,0.3544505579042655
1.252698616102679,1.1666312467291462,0.4331502620914651,0.7010711181904439,2.198619581202765,0.1366841027385255,0.3191307258505552,0.2780631635101512,0.36214975595928034
-0.836853329841765,-0.4299968923575508,-0.7930218741721993,-0.5838216088285997,-0.747828130382756,-1.6556775721680383,-1.450027161880115,-0.17216277269743424,-0.3474138362180631
-0.7221600954148041,-0.271830249395816,-0.6884486652266355,-0.5132281446969791,-1.1184029774453772,-0.4719342159486823,0.05087791233086549,-0.21380811264867733,-0.3390272097652792
-0.7862124766278267,-0.43213427942460103,-0.7663659581664675,-0.5664024423545634,-0.27364565190834617,-0.9983183916464854,0.2294801112996752,-0.5506835747032551,-1.2223727008986705
-1.080593273477315,-0.5122862944389941,-0.9016959932724902,-0.5856552052995508,-0.5824392345382579,-0.4548877633915036,0.3191307258505552,-0.10166539808609248,-1.185938995816904
0.9399722842979207,0.6814443825086908,0.47826027379347236,1.2745284144804274,0.22285925422605737,0.1366841027385255,0.3191307258505552,0.2780631635101512,0.36214975595928034
-0.7912361928013977,-0.3541196514772594,-0.7960975567882449,-0.5737368282383681,-0.6367796897509695,0.1366841027385255,-0.6581134000140082,-0.611653068101262,0.10161439320476268
0.18228823426263996,-0.8136578708931091,-0.4987815705704671,-0.5013097676357963,-0.5460243651737228,-0.4786157400665714,-0.6305890885290889,0.2780631635101512,-0.16675765328432365
2.424659832022747,1.4562471943144844,2.8690908939998807,1.9855054460917494,2.623422143944462,2.968879383632987,1.1171610013799773,1.5931791619704603,3.1337235700850443
-1.0280236720895957,-0.6811398727359806,-0.8975950831177624,-0.657165467666647,-0.9207705749808883,-1.3241711832420011,-0.009588194169338248,-0.49942088986531247,-1.4941818893766023
0.40212067146503805,-0.5774765999840332,-0.3655019905418079,-0.686503011201866,0.22285925422605737,0.1043044089364474,-1.3193959057850217,-0.5898686636369705,0.36214975595928034
1.8372887311932429,0.8043441388640921,2.9695631927907162,2.007967002860902,0.22285925422605737,0.5500819923915112,0.3191307258505552,0.5858181998845364,0.36214975595928034
-0.040728880156932386,-0.49946197203669096,-0.5643961330461142,-0.707130971500067,0.22285925422605737,-1.12226923008989,-0.02819987145914078,-0.1444290339543937,-0.14723468678767912
-0.8415630637544871,-0.4278595052905006,-0.795072329249563,-0.5865720035350264,-0.33993649768650896,-0.6155869844832984,-1.764590721707764,-0.6367028966433632,-1.707972121082816
1.0307580122917288,0.6643452859722866,0.43930162732355693,1.2396900815323548,0.22285925422605737,0.1366841027385255,0.3191307258505552,0.2780631635101512,0.36214975595928034
-1.0025911089608952,-0.4791567948997114,-0.9068221309659001,-0.6012407753026359,-0.3428677255610536,-0.3103783892007479,0.3191307258505552,-0.07241077689585296,-0.7275617401844174
-0.7889934623667679,-0.29747889420042234,-0.7438109523154632,-0.5462328811741003,-1.0769148290672073,-0.08260694523321999,0.3191307258505552,-0.41174648996795854,-0.6274721654692255
0.053959198793131935,1.5609791605999574,-0.2896351526793402,-0.4022955582044322,-0.0017178967775147603,-0.955145466577048,0.3191307258505552,0.2780631635101512,-0.14654725838990992
-1.0233587927855663,-0.45137076302805546,-0.8975950831177624,-0.6062831655977516,-0.26496470781834863,-0.5666748015177255,0.13109162008691594,-0.0847120319834919,-0.23921260640919484
-0.11177858032599929,-1.1043425120119723,0.3460059213034956,-0.5347729032306554,-1.0770275686008435,0.1366841027385255,0.3191307258505552,0.2780631635101512,-0.04632019799516397
0.35165923668587096,-0.4214473440893487,0.4464782200943307,-0.5178121358743569,0.22285925422605737,0.1366841027385255,0.3191307258505552,0.2780631635101512,0.22961356086938312
2.113413702304845,0.8214432354004962,0.9498649415871897,1.3189931289009937,0.22285925422605737,0.1366841027385255,0.5209756767399635,0.2780631635101512,0.36214975595928034
0.22368903808590335,-0.8211387256277861,-0.5018572531865128,-0.5054353596954364,-0.5255057700519105,-0.3753947585017459,-1.0040459370578034,0.22608476928529136,-0.4323799861823333
0.15923296539464776,1.7608248513691753,-0.30091265560484204,-0.411921939676926,-0.06011697520113444,-0.5384924754307316,0.3191307258505552,-0.2699912995216756,0.28859491739797843
0.33268573720890404,-0.9183898371785822,0.4680079984066524,-0.47426421968926624,-0.8262948457936427,-0.637344768149245,-1.2264248981026276,-0.060064789971531696,0.36214975595928034
-2.457629760339919,-2.14952478779965,-0.46187337917791543,-0.8423587112327168,0.09050304173700424,0.1366841027385255,0.3191307258505552,-2.0339465472524183,0.36214975595928034
0.5884018613653765,-0.8670925475693708,0.6105146262834498,-0.4554698558620166,-0.2641755310828943,0.1366841027385255,0.3191307258505552,-0.025084493685954754,0.3496385591198813
-0.058850142068739786,0.36190501598464586,-0.30706402083693446,0.12302983072308248,0.22285925422605737,0.27939460505138797,0.3191307258505552,0.2780631635101512,0.36214975595928034
-0.8777607329694093,-0.5870948417857599,-0.8381318858742065,-0.6145343497170319,-0.9676702209736022,-0.09245791027882576,-0.3432003251198839,-1.2731474689594608,-1.665489046100681
-0.15524269614912212,0.008167456387794897,-0.40753631962776954,0.0010956654048287606,0.22285925422605737,0.1366841027385255,0.3191307258505552,0.2780631635101512,0.36214975595928034
-0.8789269527954167,-0.43427166649165244,-0.7919966466335168,-0.5888639991237153,-1.7784929468860975,-0.5702725452735119,-1.0846091598803291,-0.49239799150618774,-0.8107405763144878
0.2519922961709293,1.4658654361162116,0.12148109033213876,0.35177099047424304,0.22285925422605737,0.1366841027385255,0.3191307258505552,0.2780631635101512,0.36214975595928034
0.46164273720010884,-0.6971702757388591,-0.46187337917791543,-0.5806128150044351,0.22285925422605737,-1.188998810703167,-0.48073450377786164,-0.19291834491803228,0.36214975595928034
-0.3314315990936272,-0.15320526717451524,-0.5479924924272025,-0.7713068479833585,-0.06259724494113382,-0.7733737463442183,-0.8037738039675335,-0.1992255338902399,0.36214975595928034
-0.9451772098343764,-1.4121262496672398,0.5725812073522162,-0.3468292649581588,0.22285925422605737,0.1366841027385255,0.3191307258505552,0.2780631635101512,0.36214975595928034
-0.5681293691644401,-1.5959415374335797,0.7314914758479247,-0.40504595291085893,0.22285925422605737,0.1366841027385255,0.3191307258505552,0.2780631635101512,0.36214975595928034
-0.5754406703813333,-1.593804150366529,0.7202139729224228,-0.41788112820751727,0.22285925422605737,0.1366841027385255,0.3191307258505552,0.2780631635101512,0.36214975595928034
0.25593950173587793,-0.4941185043690648,0.5182441478020703,-0.5324809076419664,-0.33959827908560003,-1.3526961515914508,0.01120795228593412,0.2780631635101512,-0.8144526896624412
0.22359932886851824,-0.5379349392435993,-0.44239405594295744,-0.7167573529725606,0.22285925422605737,-0.7075007713870808,-0.36845278867271464,-0.21385284448535968,0.25711069678015025
0.21866532191233343,-0.8061770161584327,-0.4987815705704671,-0.49305858351651594,-0.6131043876873399,0.1366841027385255,-0.5121908597606265,-1.1909750849740328,-1.1031726167254952
2.0663612177863158,0.8738092185432328,3.3099387356331382,1.799853803407942,0.22285925422605737,0.1366841027385255,1.202704813899774,0.2780631635101512,0.36214975595928034
-0.35022568013582384,-0.4941185043690648,0.259886808054208,-0.5508168723514784,-0.5129916818182777,-0.307894232797943,0.3191307258505552,0.20470295135114072,-0.8583106214401147
-1.9560655259393447,-1.8898322591530183,-0.1102203334099918,-0.7470116947432551,0.22285925422605737,0.1366841027385255,0.3191307258505552,0.2780631635101512,0.36214975595928034
1.82271098336815,0.8022067517970418,2.6999283501173523,3.626115888475324,2.6501414134162724,1.9659654814247074,0.3191307258505552,0.2780631635101512,2.78478491537741
1.0383384411607774,1.3472404538949108,0.2434831674352962,0.8867227608742516,1.669645689381098,1.5724408429941608,0.3191307258505552,0.2780631635101512,1.8046495058381193
0.30124265651539645,-0.6330486637273451,-0.4464949660976855,-0.7075893706178047,-0.09811019803657815,-0.4640534439121977,-1.8122121495150054,-0.47115036908208413,0.36214975595928034
0.166230284350692,1.7298327388969434,-0.2588783265188804,-0.34957965966458565,-0.3464753906374163,0.1366841027385255,0.3191307258505552,0.2780631635101512,-0.41148216289015027
-0.4689558293451176,-0.1275566223699101,-0.6894738927653179,-0.48664099586818677,-0.060342454268407134,0.1366841027385255,0.3191307258505552,0.2780631635101512,-0.3434267515110019
-1.0705009865214814,-0.36908136094661215,-0.8688887120346667,-0.27577740170880044,-0.4684595660319268,-1.2804842947788797,-0.480559746244624,-0.2327744114019825,-2.2874742604022313
-0.8342966171462864,-0.4310655858910759,-0.8258291554100228,-0.5714448326496792,-1.0508719967972149,-0.31114933429127356,-0.28858859598313924,-0.43317303973879145,-0.6733923824402064
2.18011250543073,0.8054128323976183,2.8701161215385627,3.4665929955025696,1.1185748489667102,2.531068232780022,0.3191307258505552,0.2780631635101512,1.0586522085790093
0.3146990391231743,-0.6362547443279211,-0.43829314578822937,-0.7025469803226889,0.22285925422605737,0.1366841027385255,-0.9884051378330397,-0.05827551650423875,0.36214975595928034
-0.7791254484543974,-0.38831784455006657,-0.7304829943125977,-0.37891720319980465,-0.709722168013676,0.11355575002275538,0.0973634161720625,-0.5865585077224785,-0.7835184117628283
-0.6939465465471633,-0.24190683045711045,-0.8576112091091646,-0.5489832758805271,-0.9031832077336206,0.1366841027385255,-0.11566601684455101,-0.5716180742705826,-0.947263856111446
0.2002749323483697,-0.8179326450272102,0.6484480452146832,-0.48205700469080887,-0.9678957000408749,-2.123212939289049,-0.6888707258638228,-0.12837030458543958,-0.06983024919886992
-0.7165981239369225,-0.3402266355414317,-0.7581641378570113,-0.4073379484995479,-0.1861597738065529,-0.10804813322056708,-0.9705798694428063,0.1617156562994279,-1.215773388280086
-0.7835212001062715,-0.2932041200663207,-0.7212559464644597,-0.5494416749982649,-0.5499702488509944,-0.6068496067906741,0.3191307258505552,0.20528446522801094,-0.8994188396267114
-0.7875581148886053,-0.12328184823580965,-0.7602145929343751,-0.41833952732525514,-0.6093839830773411,0.1366841027385255,-0.2767050837229836,-0.12416551193730119,-1.4055036260643787
1.1296175698502036,-0.35518834501078445,1.0359840548364767,-0.3518716552532747,0.22285925422605737,0.1366841027385255,0.3191307258505552,0.448983511473309,0.36214975595928034
-0.8372121667113054,-1.4805226358128543,0.48748732164161046,-0.33399408966150057,0.22285925422605737,0.1366841027385255,0.3191307258505552,0.2780631635101512,0.36214975595928034
-1.2212124717285933,-1.5905980697659536,0.1993983832719702,-0.36745722525635977,4.275958227985807,0.1366841027385255,0.3191307258505552,0.2780631635101512,0.36214975595928034
-0.8595946164489093,-0.4780881013661863,-0.7981480118656092,-0.5838216088285997,-0.021672794231145473,0.1366841027385255,0.3191307258505552,-0.15637243434857406,-0.4788501458715296
0.5142571931965205,2.4266209227553954,-0.1225230638741755,-0.19051516580957017,-0.38232656233376966,0.1366841027385255,-1.042405215603453,0.2780631635101512,0.05583166191333541
2.212048986819858,0.9347247499541714,3.1807600657592063,1.9905478363868658,0.22285925422605737,0.1366841027385255,0.3191307258505552,0.2780631635101512,0.36214975595928034
0.24342506591064467,1.8249464633806893,-0.19633944665927885,-0.3372028834856652,-0.6848067310800466,0.1366841027385255,0.3191307258505552,0.24285920804116262,-0.2482866612597479
0.08181391079123233,0.8663283638085558,-0.460848151639233,-0.3454540676049455,0.21090886366060616,0.1366841027385255,-0.21527781078997324,0.2780631635101512,0.36214975595928034
-0.8370776028852278,-0.4310655858910759,-0.8176273351005666,-0.587488801770502,-0.3826647809346786,-0.03712118489220569,-0.6452687213210458,-0.9295174995658524,-0.8170649175739642
-0.31129187979065287,-0.24938768519178625,-0.6259097853670339,-0.7658060585705048,-0.6394854385582416,-1.4582299684278532,-5.656703123208591,-0.6806295602654048,-0.19810438822259815
-0.7478169315869674,-0.18099129904617178,-0.7120288986163216,-0.5274385173468507,-0.731480898005488,0.1366841027385255,-0.8658127282668754,-0.7021903055462847,-0.46606397767302293
-0.6141501976830405,-0.061297623291345874,-0.6433386535246282,-0.4806818073375954,-1.0877378242962952,-0.4319307318069615,-0.809016529964661,-0.30447954560374696,-1.039241775732962
-0.7097353688069559,-1.4313627332706937,0.7202139729224228,-0.33903647995661634,0.22285925422605737,0.1366841027385255,0.3191307258505552,0.11085555799162614,0.36214975595928034
-1.0653875611305255,-0.48022548843323715,-0.9016959932724902,-0.5815296132399106,-0.41919238983284995,0.1366841027385255,0.3191307258505552,-0.3138732313070349,0.16485780579952672
1.8414602098016533,1.0244950067702905,1.1262040782404925,1.356581856555493,0.22285925422605737,0.22200202609003267,0.3191307258505552,0.36130911157595513,0.36214975595928034
-2.1823570267934764,-2.067235385718207,-0.11124556094867367,-0.7360101159175481,0.22285925422605737,0.1366841027385255,0.3191307258505552,-0.855754700876701,-0.5825143482551213
-0.8750246018391615,-1.4912095711481066,0.41264571131782524,-0.3266597037776958,0.22285925422605737,0.1366841027385255,0.3191307258505552,0.2780631635101512,0.36214975595928034
0.1220933493971809,0.9379308305547468,-0.3757542659286278,-0.3559972473129148,-0.4765768124537426,0.1366841027385255,0.3191307258505552,0.0552091531588158,0.36214975595928034
0.25181287773615907,-0.7356432429457674,-0.4136876848598614,-0.4669298338054615,-0.6171630108982479,0.1366841027385255,0.3191307258505552,-0.04512435651963566,-0.4690886626232073
-0.8112862028869868,-0.46633247249740944,-0.8463337061836627,-0.6012407753026359,-0.46744491022919976,0.10987234570135501,0.3191307258505552,-0.19569171879233638,0.0268221835274763
1.8804837193642103,0.8278553966016481,2.780921325673229,3.719629308493834,4.738190315894766,2.70264634570479,5.523060550599297,1.1560149220741134,4.952934081941391
1.2010709614975035,1.0993035541170568,0.3521572865355874,0.8532596252793923,3.7664882754832254,3.0583090141339646,0.3191307258505552,0.5181836628208634,0.593400668968831
0.10554199878961384,-0.8906038053069263,0.5325973333436183,-0.5026849649890097,0.11474204146881546,-1.0824370670793972,0.3191307258505552,-0.15212290986375332,-0.3694115449466768
-0.7727560940200487,-0.3477074902761075,-0.789946191556153,-0.5301889120532773,-1.6432055065225,-0.16158598672929403,0.12261587972489317,0.05941394580695421,-1.2777794297588658
-0.8395446063633202,-0.247250298124736,-0.7612398204730575,-0.5347729032306554,-1.3280985100089537,-0.9687654965096681,-1.2962405326310422,-0.07589986015707419,-0.5936506882989819
0.8491417016954199,0.8727405250097077,0.5223450579567983,1.3222019227251582,0.22285925422605737,0.1366841027385255,0.3191307258505552,0.2780631635101512,0.36214975595928034
0.16093744052496575,1.669985901019531,-0.2937360628340683,-0.41421393526561495,0.22285925422605737,0.1366841027385255,0.3191307258505552,0.03946354664663795,-0.06226853682340898
0.39561675320461187,-0.7099945981411617,-0.5039077082638771,-0.6076583629509651,0.22285925422605737,-0.49728974337041537,-1.0832984783810473,0.02327062176763688,0.36214975595928034
0.6489107284916845,-0.6779337921354047,-0.3983092717796315,-0.5879472008882398,0.22285925422605737,0.1366841027385255,0.3191307258505552,0.2780631635101512,0.36214975595928034
1.7921649948484946,0.7936572035288397,2.665070613802164,1.853028101065527,0.22285925422605737,0.1366841027385255,0.3191307258505552,0.2780631635101512,0.36214975595928034
-0.849188347232228,-0.2857232653316449,-0.7868705089401073,-0.41421393526561495,0.19929669169606407,-0.21101213308855069,0.2434607139586818,-0.27321199176280286,-0.3028684760426205
-0.9623116703549477,-0.6512164537972739,-0.8647878018799385,-0.6351623100152329,-0.46823408696465413,-0.24630428612150349,0.3191307258505552,-0.39206448182773623,-0.5866389186417363
0.37408654103216743,-0.9248019983797335,0.49056300425765664,-0.46784663204093707,-0.7332847305436693,-0.8866170140858776,-0.42804510750673036,-0.006073463095967286,-0.4186314182269497
1.8448691600622913,0.8652596702750307,2.665070613802164,1.8113137813513869,0.22285925422605737,0.1366841027385255,0.3191307258505552,0.87371230077197,0.36214975595928034
0.031128202968601464,0.8492292672721528,-0.4311165530174556,-0.41879792644299285,0.22285925422605737,0.1366841027385255,0.3191307258505552,0.2780631635101512,0.36214975595928034
0.13595342348319175,0.9507551529570494,-0.3747290383899459,-0.35003805878232336,0.10887958571972621,0.1366841027385255,0.3191307258505552,0.2780631635101512,0.1252619300880222
-0.8843095058385281,-0.4203786505558236,-0.779693916169333,-0.5893223982414533,-0.5521122999900847,-0.5641906451149205,-0.05205427474607086,-0.09070609809892324,-1.0054202985627183
0.16793475948101003,-0.7399180170798685,-0.5961781867452566,-0.7300509273869568,-0.6562836290700549,0.05667713445508396,-2.7248833668482817,-0.2498172411779477,0.2661847516307033
1.102704804634648,1.3760951793000926,0.5592532493493501,1.3125755412526645,0.6029042221141303,0.1366841027385255,0.3191307258505552,0.2780631635101512,1.2705176407714691
-0.017853029723709363,0.7712146393248099,-0.4485454211750493,-0.4348418955638158,0.1474365062233516,0.1366841027385255,0.3191307258505552,0.15294821630969252,0.04167063691929045
-0.42289014621782367,-0.7003763563394345,-0.6894738927653179,-0.7612220673931269,0.22285925422605737,-1.5465460115758491,0.23769371536184158,0.06500542539224465,0.36214975595928034
0.18641485826235885,-0.3370205549408563,0.5172189202633883,-0.5416488899967223,-0.494389658768283,-0.6878845018614832,-0.4593267059562577,-0.16008517679320688,-0.8676596476497755
-0.737724644631134,-0.35625703854430957,-0.7345839044673252,-0.5292721138178018,-1.3966441464598431,0.1366841027385255,0.14638290424520445,-0.4905639862022124,-0.900518725063142
-0.1468548843236067,-0.12114446116875822,0.43930162732355693,-0.5375232979370821,-0.8722925755172659,0.1366841027385255,0.3191307258505552,0.17406164322374917,-0.23756277825454883
0.05283783357581712,0.747703381587255,-0.08048873478821386,0.4338244325493086,0.22285925422605737,0.1366841027385255,0.3191307258505552,0.2780631635101512,0.36214975595928034
0.13380040226594722,-0.7420554041469187,-0.5931025041292104,-0.6539566738424826,0.22285925422605737,0.1366841027385255,0.09954788533753234,0.2780631635101512,0.36214975595928034
0.4778352509381355,2.1947144259804205,-0.16763307557618337,-0.21160152522550885,-0.5878507321528018,0.1366841027385255,-2.241766166212984,0.2780631635101512,-0.6298094220216406
0.28482586973390805,-0.9429697884496623,0.57463166242958,-0.47838981174890643,0.22285925422605737,0.1366841027385255,0.3191307258505552,0.2780631635101512,0.3610498705228497
0.9483152415147426,0.5264838201475325,0.3726618373092273,1.0398280661986754,0.22285925422605737,0.1366841027385255,0.3191307258505552,0.2780631635101512,0.36214975595928034
0.17771306417599556,-0.40221086048589544,0.3214004603751276,-0.5393568944080335,0.22285925422605737,0.1366841027385255,-0.6102298359069105,0.2780631635101512,0.36214975595928034
-0.03951780572223246,-0.4128977958211478,0.19734792819460645,-0.5567760608820697,-1.456508838820735,-1.6250110896782395,-1.1716384114326455,-0.5057280788375201,-1.99669204814587
1.5565885899949963,0.6098419157624998,2.413889866825076,1.6815868310315907,0.7959143036995296,0.24333150692790947,0.3311889956439483,0.2780631635101512,0.8234142108623973
0.3993845403347903,2.0654025084238676,-0.2178692249716006,-0.25010705111548376,-0.4577493103364753,0.1366841027385255,0.3191307258505552,0.2780631635101512,-0.1519091998925095
-2.789150173186874,-2.195478609741235,-0.8524850714157546,-1.0206759680327195,0.22285925422605737,0.1366841027385255,-3.0031847385291326,-4.5281490288220905,-0.9177044350073715
2.407301098458714,0.9122821857501405,2.9111252230858424,3.0920809163107905,5.536837172174537,5.4634007148772055,5.632633523939263,3.6909681068613827,4.195113016240652
1.3418695781835543,1.3076987931544768,0.36240956192240736,0.597472917581702,7.114739684948632,2.719093174302671,1.1890737263072426,1.0872173572566999,1.740718664845586
-1.1407433037340824,-0.5325914715759731,-0.8729896221893945,-0.4710554258651017,0.09399796727973053,-1.3562938953472372,0.2542083022527931,-0.6913652010691623,-0.7523091625041077
-1.2581278146825974,-0.7078572110741115,-0.9057969034272183,-0.5036017632244852,-0.6012667366555251,-0.37770759377332286,0.07578086081722106,0.05668530376933249,-0.6468576462863161
0.23086577547671885,-0.29427281359984697,0.423923214243327,-0.524688122640424,-0.3551563347274137,0.1366841027385255,0.3191307258505552,0.2780631635101512,0.34358918921951254
0.7582662644842266,2.411659213286043,0.20042361081065266,-0.1625528196275646,0.22285925422605737,1.4944897282854543,0.3191307258505552,0.2780631635101512,0.36214975595928034
0.12487433513612117,0.9090761051495652,-0.4341922356335013,-0.3431620720162565,-0.2675577170919843,-0.09237224971321183,-0.44351114919825646,0.16462322568377896,0.36214975595928034
1.1476939771533194,0.8032754453305669,0.6166659915155416,1.20531014770202,0.22285925422605737,0.1366841027385255,0.3191307258505552,0.2780631635101512,0.36214975595928034
0.1579321817425617,1.629375546745572,-0.21889445251028306,-0.3821259970239691,-0.8853703614190803,0.1366841027385255,0.3191307258505552,-0.2841265599132898,-0.0005374667037368958
2.1200521843913487,0.8492292672721528,2.8127033793723717,3.28781733958483,1.5434901512420431,2.185941813921364,1.496821742338626,1.3678201687649145,2.816956564393008
-0.3638166265696794,-0.4449586018269048,-0.610531372286804,-0.785975619750968,-0.749181004786392,-1.0259010937741815,-1.672930395524652,-0.6147395648323424,-0.6392959339108552
0.2830765399948965,1.5054070968566455,0.1860704252691046,0.48929072579558197,0.22285925422605737,0.9650217722255486,0.3191307258505552,0.7512812637724507,0.36214975595928034
-0.8347003086245205,-0.22373904038718112,-0.770466868321195,-0.42384031673810857,-0.6717289451782322,-1.1443696560182925,-0.07844266226494583,-1.0452387610630232,-1.5361150216405222
1.9713591565754025,1.1110591829858343,1.1610618145556797,1.426258522451638,0.22285925422605737,0.8358456392796922,0.3191307258505552,0.2780631635101512,0.36214975595928034
2.120994131173893,0.7744207199253864,2.8875449896961567,3.77051161056273,0.5969290268314048,2.576553993121036,0.3191307258505552,1.3742168214104873,0.36214975595928034
0.2244067118249852,1.7886108832408318,-0.2301719554357849,-0.32941009848412256,0.22285925422605737,0.1366841027385255,0.3191307258505552,0.2780631635101512,0.36214975595928034
-0.794510579235957,-0.1991590891161011,-0.7017766232295016,-0.4055043520285968,-0.23880913601471976,0.1366841027385255,0.05708180476079967,0.10038830820796248,-1.4456494444940986
-0.8464522161019793,-1.7701385833981924,0.32447614299117383,-0.43896748762345594,-0.22528039197835997,0.1366841027385255,-0.4729577935487892,0.226040037448609,-0.0742297909445926
0.13891382765690327,1.6710545945530562,-0.32039197883980003,-0.4022955582044322,0.11643313447336048,-0.6581602855934381,0.3191307258505552,0.24590097293556062,0.2866701178842248
0.4326218053760011,-0.6437355990625975,-0.45059587625241304,-0.594364788536569,0.22285925422605737,0.1366841027385255,0.3191307258505552,0.2780631635101512,0.36214975595928034
2.0620103207431333,0.7637337845901341,2.6753228891889838,3.184219138976087,2.660400710977178,2.170694233242079,1.8259775561916132,1.6663157149460592,3.606399336391129
0.7453481371807593,0.6419027217682568,0.43930162732355693,1.047620851200218,0.22285925422605737,0.1366841027385255,0.3191307258505552,0.2780631635101512,0.36214975595928034
-0.04413783041756941,-0.8190013385607353,0.3593338793063612,-0.5453160829386248,0.22285925422605737,0.1366841027385255,0.3191307258505552,0.23091580764698227,-0.48819917208119035
2.3783250212432985,1.2564015035452654,2.68352470949844,1.9534175078501042,1.6706603451838251,1.5732117880846865,2.3151238917236077,0.7332096017527922,2.2763628723873275
-0.19179920223358476,-0.012137720749184658,-0.4485454211750493,-0.02411628607075008,0.22285925422605737,0.1366841027385255,0.3191307258505552,0.2780631635101512,0.36214975595928034
-0.724178552805971,-0.4438899082933785,-0.7212559464644597,-0.48847459233913787,0.06524938620246609,-2.2036482104005604,-1.5484156530928739,-0.28484226930020695,-1.019031380838548
-0.08603203493645088,-1.253959606705505,0.36035910684504363,-0.5058937588131743,-0.5823264950046215,-0.4460647251332654,0.3191307258505552,-0.11356406664359053,-1.01408189637461
-0.80424402932225,-0.20984602445135345,-0.7058775333842298,-0.40092036085121874,0.05070598636337924,-0.07549711828726113,-0.08517082729459277,-0.24538878934639768,-0.8152776037397643
2.341364823680603,0.9667855559599284,2.8988224926216586,3.18788633191799,4.716882544037499,4.650653268331924,3.3551933507870824,3.6060670808383324,5.88247476140487
-0.6934980004602377,-0.20984602445135345,-0.7202307189257777,-0.5068105570486499,-0.8377942782245484,-0.3484116803333475,-0.9023370527135303,-0.20137266205099144,-1.2352963547767306
0.1651089191333772,-0.696101582205334,-0.5387654445790644,-0.7328013220933836,-0.11107524440475627,-0.6121605618587398,-0.09626793065517929,0.0971676159668352,0.36214975595928034
0.12859726765760607,0.9261752016859693,-0.40241018193435957,-0.3482044623113722,-0.40431077139285426,0.1366841027385255,0.22257718873679055,0.2780631635101512,0.36214975595928034
-0.7854948028887458,-0.22480773392070624,-0.7386848146220533,-0.5485248767627894,-1.6151333626470534,-0.42739072182942145,-1.4165610942651177,-0.988116205619696,-0.7245370552342331
-0.6776643235917525,-0.716406759342313,-0.7202307189257777,-0.7978939968121506,-1.810285495371543,-1.5601660415084693,-0.8782205131267439,-0.03568593897966542,-0.46675140607079213
-0.05230136919962105,-0.37549352214776405,0.18812088034646837,-0.5618184511771854,-0.058425882196589576,0.1366841027385255,0.3191307258505552,0.2780631635101512,0.06738045899585755
0.2958601034722851,1.525712273993624,0.25271021528343424,0.49845870815033805,0.22285925422605737,0.1366841027385255,0.3191307258505552,0.2780631635101512,0.36214975595928034
0.8632709034335861,0.626941012298904,0.4177718490112352,1.0467040529647427,0.22285925422605737,0.1366841027385255,0.3191307258505552,0.2780631635101512,0.36214975595928034
0.02628390522980175,-0.8489247574994421,-0.6781963898398156,-0.7465532956255174,-0.4678958683637452,0.1366841027385255,-0.8263175257551817,0.07489116129903814,-0.38054788499053743
-1.0727885715648036,-0.46740116603093457,-0.9047716758885364,-0.5998655779494224,-0.7288878887318524,-0.25144392005834126,0.2700238590107944,-0.4500816740047098,-1.1797521402369813
-1.0859758265204262,-0.7388493235463434,-0.8934941729630343,-0.6544150729602203,-1.4672190945161867,-2.5196500369504697,-0.7471523631985567,-0.34719844963536584,-0.6373711343971016
2.4947675854092703,0.9603733947587766,3.079262539429689,3.4221282810820037,4.627818312464798,4.893929274675579,4.812059526622193,2.859045408243531,3.42863035272802
-1.0488362105229594,-0.4118291022876215,-0.8934941729630343,-0.589780797359191,-0.3261822745828766,-0.3904710180498034,0.3191307258505552,-0.044990161009588685,-0.35387566315709335
1.7815344525883505,0.8096876065317188,2.179112760466899,1.6962556027992004,0.22285925422605737,0.1366841027385255,0.3191307258505552,0.2780631635101512,0.36214975595928034
-0.36798810517809083,-0.26648678172819046,-0.5931025041292104,-0.7891844135751325,-0.2938260284292495,-1.0587090904043295,-1.2030947674154104,-0.24682020812023203,-0.1186376654404813
-0.41257358621852747,-0.3861804574830164,-0.6494900187567201,-0.8001859924008395,-0.3471518278392342,-0.10804813322056708,-2.8359417792207657,-0.12922020948240373,-0.16304553993637017
2.350021763158273,1.22861547167361,2.208844359088677,1.8227737592948319,0.49332139541961645,2.8658297231993894,1.6082296697775849,0.9066796644068424,2.1890594658706424
-1.2192837235548126,-1.66540661711272,0.02408447415734932,-0.5127697455792412,0.22285925422605737,0.1366841027385255,0.3191307258505552,0.2780631635101512,0.36214975595928034
0.23387103425912187,-0.6426669055290724,-0.47417610964209916,-0.7167573529725606,0.22285925422605737,0.1366841027385255,-1.4945903328556986,0.19593551136140533,0.36214975595928034
1.0136684063798511,1.197623359201378,0.45160435778774066,1.1910997750521486,2.8147411325253158,2.0849480070625024,1.6609190660487163,2.098380525460621,3.451040518495295
0.03058994766429084,0.7081617208468222,-0.5233870314988351,-0.38304279525944485,0.09986042302881978,0.1366841027385255,-0.5137636775597647,0.2780631635101512,0.36214975595928034
1.7741782967627637,0.755184236321932,3.003395701567222,1.618327752783775,0.7930958153586216,0.1366841027385255,0.3191307258505552,0.2780631635101512,0.38442243604700166
-1.822174518991954,-1.809680244138626,-0.03845440570225221,-0.718132550325774,0.22285925422605737,0.1366841027385255,0.3191307258505552,-2.1719889952540683,0.36214975595928034
0.12456035287527331,0.8919770086131621,-0.42188950516931756,-0.3367444843679273,-0.13024096512293262,0.1366841027385255,0.3191307258505552,0.2780631635101512,0.2665972086693648
-1.2479009639006864,-1.477316555212279,0.22707952681638438,-0.40962994408823694,0.22285925422605737,0.1366841027385255,-0.49454034890363063,-0.11383245766368445,0.36214975595928034
-0.2035959643197372,0.012442230521895355,-0.5254374865761988,0.003846060111255644,0.22285925422605737,0.1366841027385255,0.3191307258505552,0.2780631635101512,0.36214975595928034
0.42813634450674176,-0.4909124237684895,-0.344997439768168,-0.7002549847339999,0.22285925422605737,0.1366841027385255,0.3191307258505552,0.2780631635101512,0.36214975595928034
-1.1784211750358597,-0.6512164537972739,-0.8863175801922603,-0.470597026747364,-0.29664451677015774,0.1366841027385255,0.3191307258505552,-0.22606463589963396,0.1325486711043756
-1.057986550696248,-0.48663764963438844,-0.8453084786449808,-0.4609706452748702,-0.16361186707928668,-0.3420727984779142,0.3191307258505552,-0.6269513562466167,-0.5294448759473409
0.2980579792982222,2.599749275186483,-0.1584060277280453,-0.30098935318437914,0.13458419938880975,-0.011337354642402802,0.3191307258505552,0.2780631635101512,0.3127923969994534
0.14173966800453608,0.9336560564206452,-0.3655019905418079,-0.35278845348875026,0.20110052423424538,0.1366841027385255,0.3191307258505552,0.2780631635101512,0.36214975595928034
2.376575691504288,1.2499893423441146,2.674297661650302,1.9011600084279954,0.8929830421604111,1.5608766666362757,0.847859642660862,1.516508793896958,1.789663566766751
0.1777579187846881,1.7148710294275906,-0.17891057850168518,-0.3669988261386219,-0.48897816115373904,0.1366841027385255,0.3191307258505552,0.2780631635101512,-0.4136819337630117
-0.4234284015221353,-0.691826808071233,-0.6802468449171799,-0.7616804665108646,-0.9208833145145247,-1.760440443913915,-0.3489673237167241,0.11022931227807363,0.024347441295507245
0.23723512991106635,-0.19274692791494924,0.08149721632354144,-0.5613600520594475,0.22285925422605737,0.07792095472734684,-0.19553020953412634,0.2780631635101512,0.36214975595928034
-1.1063398188668632,-0.5764079064505075,-0.8781157598828044,-0.38350119437718255,-0.6162610946291572,0.1366841027385255,-0.9310846669311126,-0.801539714817725,-0.8074409200051956
0.05216501444542781,0.8577788155403537,-0.4290660979400913,-0.44309307968309614,0.13492241798971888,0.1366841027385255,0.3191307258505552,-0.0761235193404858,0.36214975595928034
0.3484745594686967,-0.6800711792024555,0.47108368102269865,-0.5283553155823263,0.22285925422605737,0.1366841027385255,0.3191307258505552,0.2780631635101512,0.36214975595928034
-0.8303942661900313,-0.4845002625673376,-0.7878957364787893,-0.5847384070640752,-0.8363286642872761,-1.389101891977385,0.22895583869996236,-0.4082574067067374,-1.290153140918711
0.23683143843283339,-0.6159495671909415,-0.4495706487137312,-0.715840554737085,-0.5196433143028212,0.017273274272660913,-3.9136714866969395,-0.09701328707113085,0.36214975595928034
-0.48070773682257645,-0.09977059049825356,-0.6074556896707584,-0.5013097676357963,-0.7761257533254752,0.1366841027385255,0.3191307258505552,-0.1455920617081341,-0.4945235133406668
-1.6429355026563524,-2.0490675956482782,-0.31219015853034443,-0.6608326606085495,0.07291567448973663,0.1366841027385255,0.3191307258505552,0.13492128612671617,0.23676281620618256
-0.6724163343747188,-0.12862531590343523,-0.8012236944816549,-0.5462328811741003,-0.4052126876619449,0.1366841027385255,0.3191307258505552,-0.01170967451794006,-1.3656327789937666
0.3069840464280482,-0.7345745494122423,-0.4044606370117233,-0.46876343027641265,0.03007465170793058,-0.31834482180284646,0.3191307258505552,-0.102291643799645,-0.04467036984051806
0.07957118035660268,1.5054070968566455,-0.3460226673068499,-0.41742272908977957,0.22285925422605737,0.1366841027385255,0.3191307258505552,-0.024100393278943633,0.36214975595928034
-1.0999256098238221,-1.695330036051426,0.17786860495964843,-0.39771156702705435,0.22285925422605737,0.1366841027385255,0.3191307258505552,0.2780631635101512,0.36214975595928034
-0.8314259221899611,-0.48129418196676227,-0.8442832511062989,-0.6026159726558493,0.22285925422605737,-0.6929384752327071,-0.7171814462483113,-0.11302728460340264,-1.202574763042918
-0.6224931548998623,-0.23870074985653392,-0.6587170666048581,-0.47151382498283956,-1.7907815560524578,-1.0927163349530729,-2.0066299052418164,-0.4151908413924974,-1.0569774283954065
0.23696600225891104,1.9221975749314855,-0.18711239881114078,-0.3518716552532747,0.22285925422605737,-0.600253743238399,0.3191307258505552,0.07851444007030633,0.36214975595928034
0.23409530730258465,1.06938013517835,0.08764858155563329,0.3879845207755289,0.22285925422605737,2.0402331918120136,0.3191307258505552,0.2780631635101512,0.36214975595928034
1.704519089463168,0.779764187593012,2.6281624224096127,2.2898824602696464,1.7058350796783603,1.4140544571739428,0.3191307258505552,0.6722401083547853,2.2370419680349305
0.13528060435280245,-0.8467873704323918,-0.5695222707395242,-0.6406630994280863,0.22285925422605737,0.1366841027385255,0.3191307258505552,0.2780631635101512,0.36214975595928034
-0.909697214358536,-0.49946197203669096,-0.9016959932724902,-0.5975735823607335,-0.8124278831563739,-0.08175033957708046,-0.09006403822524511,-1.2877747795545806,-0.9200416915597865
1.2282528543652147,0.7434286074531545,0.5469505188851663,1.3639162424392977,0.22285925422605737,0.1366841027385255,0.3191307258505552,0.2780631635101512,0.3552754719815886
-1.0275302713939776,-0.3412953290749568,-0.9037464483498543,-0.5879472008882398,-0.5073547051364611,0.1366841027385255,0.3191307258505552,0.025730872785164668,-0.7190376280520797
0.4250862311156462,-0.9183898371785822,0.48953777671897475,-0.44905226821368743,-0.6500829547200567,0.1366841027385255,0.2909947629993044,-0.2640866970796089,-0.4563024944247006
0.23961242417177367,-0.6928955016047581,-0.5131347561120152,-0.7117149626774448,-0.39980119004740095,-1.8461866700934921,-2.204979705466473,-0.29835128397826866,0.36214975595928034
0.10603539948523193,0.9048013310154647,-0.3972840442409496,-0.35324685260648797,-0.825392929524552,0.1366841027385255,0.3191307258505552,0.2780631635101512,0.36214975595928034
-1.0240316119159556,-0.3904552316171168,-0.8914437178856702,-0.5851968061818131,-0.6428676245673314,-0.38293288827577465,0.3191307258505552,0.09645190657991802,-0.98397253255232
0.6487761646656068,0.8203745418669711,0.4495539027103769,1.2704028224207873,0.22285925422605737,0.1366841027385255,0.3191307258505552,0.2780631635101512,0.36214975595928034
-0.7165084147195374,-0.3637378932789866,-0.7202307189257777,-0.3867099882013471,-0.9001392403254397,-0.4392975404497624,0.22074223463779594,0.2780631635101512,-0.4391167844804712
-0.4114970756099052,-0.2322885886553832,-0.6822972999945436,-0.3633316331967196,0.22285925422605737,0.1366841027385255,-0.18801563560491033,0.2780631635101512,-0.2110280421006586
-1.0384747959149696,-0.37121874801366356,-0.9006707657338083,-0.5833632097108618,-0.9674447419063295,0.1366841027385255,0.3191307258505552,-0.1330224156004012,-0.3636371464054157
-2.4805504653818335,-2.1356317718638222,-0.5582447678140224,-0.8597778777067532,0.22285925422605737,0.1366841027385255,0.3191307258505552,-4.511061467209443,0.17764397399803347
-0.8109722206261389,-1.7765507445993438,0.3695861546931811,-0.41283873791240155,-0.7807480742045647,-0.004056206565215879,0.3191307258505552,-0.2541562293361331,-0.1079137824352823
0.6299372290147176,0.7102991079138724,0.45262958532642256,1.205768546819758,0.22285925422605737,0.1366841027385255,0.3191307258505552,0.2780631635101512,0.36214975595928034
-0.1211980481514434,0.1278611321426208,-0.38600654131544776,0.026307616880407437,0.22285925422605737,0.1366841027385255,0.3191307258505552,0.2780631635101512,0.36214975595928034
0.2730739622564482,-0.5785452935175583,-0.4044606370117233,-0.6961293926743598,0.22285925422605737,-0.010138106723807244,-1.3111823017228554,-0.4087494569102429,0.36214975595928034
-1.2094605642511345,-1.7060169713866784,0.18094428757569464,-0.42934110615096216,1.2237608338494073,0.1366841027385255,0.3191307258505552,0.38134897440963594,1.722158098105818
-0.7818167249759536,-1.7840315993340208,0.17786860495964843,-0.4701386276296261,-0.031255654590233724,0.1366841027385255,0.30707245605716194,-0.5316278122765854,0.14148524027537474
2.2534049360344275,0.8577788155403537,2.9685379652520347,3.0091106760002493,4.861076407558367,3.484555988629045,1.4845887150119952,0.40393855193420936,1.4635475348650542
2.3249480368991127,1.221134616938933,2.5225639859253666,1.83560893459149,2.8705472016752998,2.3980373743815373,1.9193854577071012,0.2780631635101512,1.3509467633104628
-2.5574312646809383,-2.076853627519934,-0.6915243478426817,-0.8295235359360585,-0.04670097069841107,-2.065991681458921,0.29282971709829897,-15.821148517641465,-0.1205624649542351
-1.1859118946875231,-0.6063313253892143,-0.8791409874214866,-0.47334742145379066,-0.6720671637791412,0.13539919425431604,-1.0425799731366905,-0.06986106220496052,-0.7069388882513421
-0.8439403580151944,-0.5657209711152552,-0.8688887120346667,-0.6016991744203738,-0.8344120922154584,-0.7609529643301938,-2.165309745421541,-1.5533924257742173,-1.0825497647924198
-0.37027569022141305,0.3426685323811926,-0.6587170666048581,-0.43025790438643774,-0.06733230535385973,0.1366841027385255,-0.6691231246079758,0.2780631635101512,0.36214975595928034
1.862362457452403,0.8289240901351732,2.2765093766416893,1.6609588707333895,1.813839552901966,2.200418449510124,0.3191307258505552,1.0483901230164432,1.0124570202489207
0.07015171253115755,1.22861547167361,-0.4126624573211795,-0.4256739132090599,0.22285925422605737,0.1366841027385255,-1.4212795476625324,-0.08976672952859445,0.10312673567985482
-1.2121966953813823,-0.6864833404036068,-0.9334780469716322,-0.38487639173039595,-0.4252803246492119,-0.804382871096473,-0.9477740113553018,-0.11257996623657941,-1.1540423181604142
0.03619677375086496,0.9774724912951808,-0.40548586455040575,-0.43346669821060235,0.22285925422605737,0.1366841027385255,-1.108114048100784,0.09269443229860286,0.36214975595928034
1.9054228817972918,0.8321301707357486,2.744013134280678,2.219747395255764,0.22285925422605737,0.1366841027385255,0.3191307258505552,1.1084649796808033,0.36214975595928034
0.21619831843424,-0.7773222907532517,-0.47930224733550914,-0.4811402064553331,-0.9972079787863211,-1.4745054758945064,-0.6395017227242056,0.26862474597018093,-1.1687532858726746
-1.1092553684318822,-1.474110474611703,0.4649323157906068,-0.3862515890836094,0.22285925422605737,0.1366841027385255,0.3191307258505552,0.2780631635101512,0.2990438290440699
1.2697433674058631,1.132433053656339,0.3747122923865911,1.0719160044403213,1.6644596708338268,1.4827542307963415,0.3191307258505552,1.3080137031206482,0.48492446780085513
0.22301621895551507,1.789679576774357,-0.22812150035842055,-0.3317020940728116,0.22285925422605737,-0.7150389011611095,0.3191307258505552,0.2780631635101512,-0.5815519484982444
-1.1335217117345744,-1.7818942122669699,0.1030269946358632,-0.4967257764584182,-0.6470389873118757,0.1366841027385255,0.3191307258505552,0.26665654515615866,-1.0437788031582382
-0.8477978543627569,-0.4524394565615806,-0.809425514791111,-0.59207279294788,-1.183566427887177,-1.0697593033685306,-1.3667551972924068,-0.345274980658026,-0.9803979048839203
0.7910101288298192,2.496086002434535,0.14506132372182487,-0.1873063719854056,0.22285925422605737,0.1366841027385255,0.3191307258505552,1.1513628110591518,0.36214975595928034
-0.7766584449763049,-1.5360946995561668,0.6289687219797253,-0.40275395732217006,0.22285925422605737,0.1366841027385255,0.3191307258505552,0.2780631635101512,0.36214975595928034
-0.45397439004179085,-0.6127434865903656,-0.7386848146220533,-0.7703900497478828,-0.30746751199924555,-2.12432652664203,-0.04419018575037962,-0.17386258249136252,-0.09086555817060661
0.3886642888572602,2.0825016049602705,-0.2024908118913707,-0.24048066964298997,-0.643769540836422,0.1366841027385255,-0.7815795972463605,0.2780631635101512,-0.14957194334009422
1.7625609531113835,0.7733520263918613,2.7173572182749455,2.5016628526645084,2.0450683363900817,0.1366841027385255,0.3191307258505552,0.2780631635101512,2.7190667605506773
-0.8357319646244502,-0.47167594016503506,-0.7827695987853793,-0.5824464114753862,-0.3969827017064927,-0.3233131346084563,0.18710140948956125,-0.29392283214671866,-0.4861368868878828
-0.832233305146428,-0.4449586018269048,-0.7725173233985594,-0.5430240873499358,-0.8718416173827205,0.1366841027385255,0.3191307258505552,-0.44891864625096933,-0.7411728224602471
0.2886385114727781,-0.5881635353192856,-0.40651109208908764,-0.6938373970856707,0.22285925422605737,0.1366841027385255,0.13484890705152403,0.011685076066915108,0.36214975595928034
1.081219447070896,0.7135051885144478,0.48646209410292857,1.1599286350459783,0.22285925422605737,0.1366841027385255,0.3191307258505552,0.2780631635101512,0.36214975595928034
0.047320716706628095,0.7263295109167504,-0.03947963324093409,0.32976783282282895,0.22285925422605737,0.9145676990789242,0.3191307258505552,0.2780631635101512,0.36214975595928034
0.4162947278118978,-0.6480103731966985,-0.4485454211750493,-0.5975735823607335,0.22285925422605737,0.1366841027385255,0.3191307258505552,0.2780631635101512,0.36214975595928034
0.9872938964686061,0.7690772522577597,0.4598061780971968,1.1159223197431498,0.22285925422605737,0.1366841027385255,0.3191307258505552,0.2780631635101512,0.36214975595928034
1.0877233653313212,0.8331988642692737,0.544900063807802,1.1388422756300396,0.22285925422605737,0.1366841027385255,0.3191307258505552,0.2780631635101512,0.36214975595928034
1.1964509368021676,0.8289240901351732,0.6351200872118177,1.1988925600536908,0.22285925422605737,0.1366841027385255,0.3191307258505552,0.2780631635101512,0.36214975595928034
-0.13393675702014046,0.5649567873544402,-0.455722013945823,0.385234126069102,0.22285925422605737,0.1366841027385255,0.3191307258505552,-0.35086646024331636,0.36214975595928034
-0.0850452335452137,0.6386966411676814,-0.33577039192002994,0.35635498165162105,1.4131632503584441,0.2900165151875194,0.5706068161794369,0.2780631635101512,0.36214975595928034
2.2318747238619823,0.8096876065317188,2.9357306840142097,2.9362252162799396,3.9817080451949822,2.4961187220095247,1.8609290628391302,1.4780841461868424,3.0582439320099883
0.6269319702323145,0.7038869467127206,0.42802412439805515,1.2919475809544636,0.22285925422605737,0.1366841027385255,0.3191307258505552,0.2780631635101512,0.36214975595928034
1.1703904091517714,0.8406797190039507,0.6258930393636797,1.2176869238809407,0.22285925422605737,0.1366841027385255,0.3191307258505552,0.2780631635101512,0.36214975595928034
-0.07037777650273588,-0.06984717155954798,0.4803107288708367,-0.5146033420501923,-0.2556073265265331,-1.001830474836658,0.3191307258505552,0.023628476461095466,-0.05209459653642523
-0.7588063107166528,-0.3669439738795619,-0.8627373468025745,-0.5636520476481366,-0.6521122663255107,0.1366841027385255,0.3191307258505552,0.2780631635101512,-1.6632892752278197
0.2614117639963744,-0.5550340357800029,-0.4044606370117233,-0.7094229670887559,0.22285925422605737,-0.8004424850782307,-1.3786387095525625,0.22706886969230244,0.36214975595928034
-1.0856169896508847,-0.44282121475985337,-0.8381318858742065,-0.4655546364522481,-0.46090601727829256,-1.814320939685098,-1.2817356573723226,-0.5577512048990623,0.06490571676388868
-0.1353272498896106,-0.5475531810453265,-0.6412881984472638,-0.715840554737085,-0.6385835222891509,-1.2191513297992824,-3.450826159917201,-0.1616507910770882,-1.3697573493803816
0.14016975670029574,0.9379308305547468,-0.42393996024668135,-0.34087007642756745,0.22285925422605737,0.1366841027385255,0.3191307258505552,0.15089055182230562,0.36214975595928034
0.4590411698959388,-0.7580858071497972,-0.4167633674759076,-0.621410336483099,0.22285925422605737,0.1366841027385255,-0.057384379509817104,-0.07080043077528932,0.36214975595928034
-0.9669316950502846,-0.2857232653316449,-0.8258291554100228,-0.1914319640450459,-0.35188688825196013,-0.8152617629294463,-1.2645220403484208,-0.566831767745574,-1.2306218416719004
-0.8357319646244502,-0.4214473440893487,-0.7909714190948349,-0.5815296132399106,-0.9745473325254184,-0.34686979015229613,-1.7156586124012407,-0.3285005419021546,-0.615373425668488
-0.8849374703602247,-0.47167594016503506,-0.8576112091091646,-0.6292031214846414,-0.4595531428746566,0.1366841027385255,-2.8841748583943385,-1.2374514632869669,-1.0227434941865017
1.9291509697956732,0.8887709280125856,1.2051465987190058,1.3914201895035654,0.22285925422605737,2.406175128114864,1.76332698052594,1.8824599497950458,0.36214975595928034
-1.039641015740977,-0.5625148905146798,-0.8453084786449808,-0.37433321202242664,-0.683904814810956,-0.614130754867861,-0.7274921407093287,-0.13145680131651988,-0.9846599609500892
-0.3477586766577304,-0.684345953336556,-0.6474395636793563,-0.7520540850383709,-0.14794107190383665,-3.798390960435711,-0.7786960979479404,-0.30998156151567274,0.34400164625817403
-0.39638107248050186,-0.2141207985854539,-0.6884486652266355,-0.38441799261265813,-0.49878650058009993,0.1366841027385255,0.01479048171730461,0.03427465359148845,-1.3238371324094005
0.3119629079929266,1.245714568210013,0.09072426417167893,0.40769568283825414,0.22285925422605737,0.8588026708642343,0.3191307258505552,0.2780631635101512,0.36214975595928034
0.49627049511079074,0.49549170767530065,-0.22402059020369303,-0.3757084093756401,-0.2742093495765278,-0.08423449597988537,0.3191307258505552,-0.19774938327972325,-0.1712946807096003
-0.7413578679352337,-0.054885462090193994,-0.7386848146220533,-0.3967947687915786,-0.10555100725657598,0.0750084954964721,0.3191307258505552,-0.9169478534581195,-0.6689928406944836
1.1463034842838473,1.2328902458077104,0.5418243811917564,1.1191311135673145,0.5222954555641536,0.6000221021444518,0.3191307258505552,0.34645814179742374,0.36214975595928034
0.009194299317924075,-1.0861747219420437,0.36035910684504363,-0.531105710288753,-0.22708422451654126,-0.7924760524761322,0.17810139652782578,0.2780631635101512,-0.2152900981668275
-1.0327782606110103,-0.38511176394949126,-0.8975950831177624,-0.5792376176512216,-0.5673321370309894,-0.3586052876414091,0.3191307258505552,0.21351512317755844,-1.2040871055180102
-1.2033154828602488,-0.6106060995233153,-0.8914437178856702,-0.4825154038085466,-0.3123153119456078,-0.009452822198895545,0.3191307258505552,-0.17502561024510294,-0.42261850293401093
0.9269195931683758,0.6942687049109934,0.4977395970284304,1.2401484806500929,0.22285925422605737,0.1366841027385255,0.3191307258505552,0.2780631635101512,0.36214975595928034
0.2253935132162224,-0.44175252122632824,0.5110675550312965,-0.533397705877442,-0.8800716033381727,-0.19190982695663694,-0.62761821046405,-0.1236734617337956,-1.4217269362517313
0.16048889443804024,-0.41930995702229845,0.39829252577627716,-0.5398152935257712,-0.8442204316418194,0.1366841027385255,0.3191307258505552,0.2780631635101512,-0.6189480533368876
-0.8320538867116568,-0.43961513415927805,-0.8350562032581609,-0.5783208194157461,-0.5690232300355343,0.1366841027385255,0.3191307258505552,-0.7944273527852356,-1.944035032876751
2.0148232723985253,1.0907540058488547,2.984941605870946,4.063887045914918,4.042474653824964,4.137889122566741,4.269262628386259,2.691971998235053,4.199100100947713
0.36130297755477886,-0.20984602445135345,0.4444277650169669,-0.5081857544018631,0.22285925422605737,0.1366841027385255,0.3191307258505552,0.2780631635101512,0.007436702710385515
-1.149714225472601,-1.8663210014154634,-0.02615167523806794,-0.5329393067597042,-0.4982228029119183,-0.8681999924788755,0.043013823335174194,-0.2662338252403604,-0.2683595704746079
-0.4675653364756464,-0.7292310817446161,-0.7161298087710497,-0.7768076373962118,-1.0504210386626693,-2.7385984426597596,-1.1780170613958172,-0.189831848186952,-0.9802604192043666
-0.8642594957529388,-0.47381332723208525,-0.8524850714157546,-0.6085751611864406,-1.0106239832890445,-0.08594770729216455,-0.7346571995720695,-0.4879248078379554,-0.8556983935285919
1.9492906890986466,0.8609848961409302,2.962386600019942,2.0579325066943217,0.22285925422605737,0.5370615864181889,0.3191307258505552,0.2780631635101512,0.36214975595928034
0.1535812846993811,-0.8660238540358457,-0.5479924924272025,-0.5865720035350264,-0.06473929608022408,-1.4639692263239887,-0.3729091057702729,0.2780631635101512,-0.9167420352504946
-1.1928195044261825,-0.6052626318556892,-0.8760653048054406,-0.4664714346877238,-0.5541416115955387,-0.21683705155030017,-1.1768811374297727,-1.7133982055868882,-0.7087262020855419
-1.2307216487714236,-0.6448042925961226,-0.9016959932724902,-0.46784663204093707,-0.7841302602136547,-0.5228165919233764,-0.8891428589540927,-0.8701583522884091,-0.998271043225919
2.2392757342962604,0.9913655072310085,1.134405898549948,1.5381079071796604,0.22285925422605737,2.0049410387790605,0.3191307258505552,0.2780631635101512,0.36214975595928034
-0.041042862417780254,0.7199173497155996,-0.12764920156758547,0.34535340282591387,0.22285925422605737,0.1366841027385255,0.3191307258505552,0.2780631635101512,0.36214975595928034
-2.18208789914132,-2.0180754831760463,-0.1266239740289036,-0.693378997967933,-0.045799054429320425,0.1366841027385255,0.3191307258505552,0.2780631635101512,-1.1042725021619257
1.0566839761160465,1.3194544220232542,0.5623289319653962,1.3212851244896826,0.9359368044758535,1.6372858911639308,0.8821121191754283,2.12454864991978,1.1086969959366055
-0.6987459896772704,-1.4270879591365926,0.680230098913825,-0.3628732340789817,0.22285925422605737,0.1366841027385255,0.3191307258505552,0.2780631635101512,0.36214975595928034
-0.40499315734948005,-0.31564668427035164,-0.5725979533555705,-0.7818500276913277,0.15713210611607611,-0.0991394343967149,-1.815794678946376,-0.632274444811813,-0.5913134317465668
0.23234597756357409,2.096394620896098,-0.19121330896586888,-0.3468292649581588,-0.5199815329037303,-0.4599417367627274,0.3191307258505552,0.13429504041316367,0.36214975595928034
0.12796930313591035,0.9219004275518677,-0.39933449931831394,-0.35370525172422584,-0.19957577830927642,0.1366841027385255,0.3191307258505552,0.2780631635101512,0.36214975595928034
-0.17515814240863364,0.03061002059182468,-0.4198390500919532,0.001554064522566466,0.22285925422605737,0.1366841027385255,0.3191307258505552,0.2780631635101512,0.36214975595928034
-0.1570368804968252,0.09259424553628727,-0.40548586455040575,0.013930840701487115,0.22285925422605737,0.1366841027385255,0.3191307258505552,0.2780631635101512,0.36214975595928034
-0.8596394710576019,-0.37869960274833936,-0.7889209640174711,-0.5838216088285997,-0.7940513391736519,-0.2630937569818403,-0.44342377043163766,0.22970804805655956,-1.158304374226583
-0.1621951604964738,-1.7872376799345961,0.12045586279345688,-0.47747301351343086,0.22285925422605737,0.1366841027385255,0.3191307258505552,1.0644935842220795,0.36214975595928034
-0.02444665720152065,-0.8884664182398755,0.259886808054208,-0.5939063894188311,0.22285925422605737,-1.2297732399354138,0.2711597829768387,0.2780631635101512,0.36214975595928034
-1.1986057489475266,-0.6159495671909415,-0.8822166700375325,-0.4701386276296261,-0.15481818345565282,0.1366841027385255,0.12672268175597637,-0.3488535275926118,-0.6750422105948525
-1.1464398390380415,-0.2611433140605637,-0.8832418975762144,-0.33582768613245173,-0.2459117266338086,-0.781254518380703,-1.243463757593292,-0.9935734896949394,-2.525874428748582
2.4067179885457097,1.3675456310318903,2.1770623053895353,1.9566263016742684,0.2698716397524075,2.5804943791392785,1.4263070776772613,0.7401430364385523,1.7702780859496603
0.2235544742598257,1.837770785782992,-0.2681053743670184,-0.32482610730674455,0.21034516599242448,0.007507969792669071,0.3191307258505552,0.03892676460645007,-0.21968963991255028
0.8146036530021231,0.7028182531791954,0.5069666448765684,1.0604560264968765,0.22285925422605737,0.1366841027385255,0.3191307258505552,0.2780631635101512,0.36214975595928034
0.148871550786658,1.0597618933766229,-0.32551811653321,-0.3610396376080306,-0.1492939463074727,-0.7992432371596353,0.3191307258505552,0.11528400982317617,0.20775333782032346
-1.068527383739007,-0.3957986992847436,-0.9037464483498543,-0.5865720035350264,-0.9764639045972361,0.06284469517928924,-1.7714936442706486,0.2780631635101512,0.00867407382636995
-0.6272925980299705,-0.8371691286306646,-0.7520127726249195,-0.7910180100460836,-1.48739947103709,-0.901778934199549,-0.908715702676702,-0.013543679821915311,-0.9053307238475264
-0.7606453496730495,-0.4182412634887734,-0.8586364366478467,-0.5806128150044351,-0.4196433479673953,0.1366841027385255,0.1625479760696809,0.052569974794558716,-1.230071898953685
-0.6785165611569111,-0.3124406036697751,-0.8104507423297929,-0.49901777204710723,-0.7728563068500216,0.1366841027385255,0.3191307258505552,-1.6559177954501023,-0.803041378259473
0.23799765825884076,1.8003665121096093,-0.2260710452810568,-0.3220757126003178,-0.3002521818465203,0.1366841027385255,0.3191307258505552,0.2780631635101512,-0.09499012855722176
1.0136235517711576,0.7113678014473975,0.540799153653074,1.1883493803457217,0.22285925422605737,0.1366841027385255,0.3191307258505552,0.2780631635101512,0.36214975595928034
-0.8401277162763243,-0.4545768436286308,-0.795072329249563,-0.589780797359191,-1.108820117086289,-0.14059914815387303,-1.223716156337445,-0.5721548563107705,-0.19219250400178323
1.5365834345180998,0.8150310741993444,0.6525489553694114,1.4533040703981681,0.22285925422605737,0.6735188674412322,2.7953575930604853,0.2780631635101512,0.36214975595928034
-0.7702890905419564,-1.567086812028398,0.6269182669023615,-0.41421393526561495,0.22285925422605737,0.1366841027385255,0.3191307258505552,0.2780631635101512,0.36214975595928034
0.04471914940245803,-0.27610502352991767,-0.1102203334099918,-0.6241607311895258,-0.6048744017318878,0.1366841027385255,-0.36425860787501263,0.19580131585135838,-0.4620768929659617
-1.0830154223467148,-0.44923337596100527,-0.9263014542008582,-0.5911559947124044,-0.3779297205219527,0.1366841027385255,0.3191307258505552,0.12414091348627623,-0.6157858827071494
-1.0259603600897362,-0.3573257320778347,-0.9088725860432643,-0.5861136044172887,-0.5815373182691672,0.1366841027385255,0.3191307258505552,-0.10712268216133594,-0.8705468469204061
0.11594826800629514,0.8973204762807877,-0.4341922356335013,-0.3514132561355368,-0.5569600999364469,0.1366841027385255,0.3191307258505552,0.061337414784294116,-0.3751859434879379
0.5982698752777472,-0.5892322288528107,-0.37267858331258163,-0.5957399858897823,0.22285925422605737,0.1366841027385255,0.3191307258505552,0.2780631635101512,0.36214975595928034
-0.4159825364791645,-0.04633591382199308,-0.6197584201349421,-0.4797650091021199,-2.3397103453277555,-2.941956625427308,-1.0074537089559363,-1.9747215954850217,-2.5159754598207056
-1.0969652056501116,-0.5561027293135286,-0.8504346163383908,-0.41742272908977957,-0.4092713108728528,-0.3703407851305221,0.1466450405450608,-0.45200514298204963,-1.0088574405515642
-0.8172967204517939,-0.7901466131555542,-0.7878957364787893,-0.7997275932831017,-1.7477150542033788,-2.5737018538528806,-1.0874052804121306,-0.3442908802510148,-1.4615977833223437
-0.7956767990619644,-0.1275566223699101,-0.785845281401425,-0.4165059308543038,-0.3836794367374056,-0.8598052570487071,0.019596313881338135,-1.083976531629915,-0.18353090618989162
1.6633425586833663,0.779764187593012,2.557421722240555,1.659583673380176,0.22285925422605737,0.1366841027385255,0.3191307258505552,0.34847107444812825,0.36214975595928034
-0.20615267701521472,0.004961375787218366,-0.4321417805561375,-0.02870027724812811,0.22285925422605737,0.1366841027385255,0.3191307258505552,0.2780631635101512,0.36214975595928034
-1.039237324262744,-0.3658752803460368,-0.8986203106564443,-0.5929895911833556,-0.5704888439728067,0.1366841027385255,0.3191307258505552,0.2780631635101512,-0.798779322193304
-0.6195776053348444,-0.2675554752617156,-0.7448361798541452,-0.41971472467846843,-0.8118641854881922,0.1366841027385255,0.3191307258505552,-1.2686295534545464,-1.0978106752228955
1.6631631402485962,0.8417484125374758,0.6340948596731353,1.4083809568598638,0.22285925422605737,0.7619205711548421,0.8098498791816878,0.6477270618528721,0.36214975595928034
-0.8062176321047233,-0.7495362588815957,-0.7714920958598774,-0.814854764168449,-1.8330588811660822,-1.1000831435958736,-0.23694774491143353,-0.659516133351348,-0.1612582261021703
0.35340856642488255,1.8238777698471642,0.30089590960148777,0.4539939937297715,0.22285925422605737,0.22671335719880065,0.3191307258505552,0.5145156522129128,0.36214975595928034
-0.8104788199305198,-0.2932041200663207,-0.7499623175475552,-0.5439408855854113,-0.9243782400572509,-0.70921398269936,-0.9037351129794309,-0.32362477170378134,-1.0670138830028366
-0.9035072783589577,-0.31671537780387676,-0.780719143708015,-0.4247571149735843,0.22285925422605737,-0.20510155406118727,-0.3944916611251145,-0.26064234565507,-0.46386420680016155
-0.6773951959395962,-0.05595415562371911,-0.6576918390661762,-0.479306609984382,-1.9295639219587817,-1.0993121985053478,-1.574454525545274,-0.4857776796772038,-1.6126945451520085
0.11343640991951018,-0.8286195803624625,-0.6166827375188965,-0.7332597212111213,-0.7357650002836685,-3.3531273403743307,-1.288725958701826,-0.09321108095313335,-0.10887618219215901
-0.006998214420102558,-0.42572211822345035,0.24655885005134182,-0.56502724500135,-0.6443332385046038,0.1366841027385255,0.3191307258505552,0.2780631635101512,0.2986313720054084
1.092343390026659,0.7177799626485483,0.4956891419510666,1.1709302138716853,0.22285925422605737,0.1366841027385255,0.3191307258505552,0.2780631635101512,0.36214975595928034
0.07773214140020601,-1.3073942833817667,0.2875679515986216,-0.5366064997016066,0.22285925422605737,-0.5907454204552491,-0.09679220325489206,-0.4075416973198202,-0.07216750575128501
-0.36274011596105715,-0.4631263918968329,-0.6382125158312182,-0.7887260144573947,0.14529445508426134,-1.6606458849736478,-0.4733946873818831,-0.4473083001304057,-0.6775169528268215
0.34461706312113416,2.1081502497648756,-0.2742567395991103,-0.30007255494890356,-0.14963216490838166,-0.24638994668711747,0.3191307258505552,0.24098047090050506,-0.465101577916146
-0.9007262926200175,-0.6715216309342534,-0.8781157598828044,-0.6172847444234588,-1.3149079845735028,-0.4847833007907767,0.3191307258505552,-0.890466606142184,-0.9493261413047536
-1.1893208449481603,-0.6586973085319509,-0.8965698555790802,-0.4692218293941505,-0.6500829547200567,-1.258897832244161,0.08574204021176322,-0.5604798469366841,-0.19906678797947497
0.6549212460564926,-0.6330486637273451,-0.38600654131544776,-0.594364788536569,0.22285925422605737,0.1366841027385255,0.3191307258505552,0.2780631635101512,0.36214975595928034
0.10926493131109874,-1.2315170425014752,0.3101229574496258,-0.5320225085242287,-0.3162611956228794,-1.3160334295086746,-0.46561797715281067,-0.42324257199531573,-0.960737452707722
-0.84196675523272,-0.4118291022876215,-0.7714920958598774,-0.5499000741160026,-0.7943895577745609,0.1366841027385255,-0.2965400637454493,-0.6504803023415188,-0.5499302422008624
-0.7007644470684373,-0.16923567017739433,-0.6915243478426817,-0.48205700469080887,-2.194840044605069,-1.1331481219228634,-0.7790456130144155,-0.4655141576601113,-1.4346505901297917
0.09087454174713604,1.5299870481277256,-0.30808924837561635,-0.4123803387946637,0.22285925422605737,0.1366841027385255,0.3191307258505552,-0.12197365193986731,0.36214975595928034
0.09607767635547616,0.9069387180825149,-0.38600654131544776,-0.3908355802609873,0.22285925422605737,0.1366841027385255,0.3191307258505552,0.2780631635101512,0.24336212882476677
0.2985962346025338,2.076089443759119,-0.16353216542145527,-0.3436204711339942,-0.2952916423665218,-0.10839077548302288,0.3191307258505552,0.2780631635101512,0.27580874919947185
-0.8419219006240275,-0.4791567948997114,-0.8535102989544368,-0.6090335603041785,-0.7996883158554685,0.1366841027385255,0.3191307258505552,-0.40991248466398333,-1.6066451752516395
0.3043376245151856,-0.08801496162947611,0.453654812865105,-0.47838981174890643,0.00606113104339205,0.1366841027385255,0.3191307258505552,0.2780631635101512,0.36214975595928034
0.12935979600538047,-0.755948420082747,-0.5920772765905284,-0.7460948965077796,0.22285925422605737,-0.4441801926897582,-0.6814435307012254,0.2780631635101512,0.36214975595928034
0.3624243427720937,-0.7698414360185747,-0.5172356662667427,-0.6264527267782147,0.22285925422605737,0.1366841027385255,0.3191307258505552,0.2780631635101512,0.36214975595928034
-0.6738068272441889,-0.3092345230691998,-0.8483841612610264,-0.5476080785273137,-0.8022813251291041,-0.30575271865759385,0.3191307258505552,-0.5804302460970002,-0.9243037476259556
-0.6839888234174075,-0.25900592699351344,-0.6587170666048581,-0.4747226188070041,-1.8457984484669874,-0.6225254902980294,-1.6788721516547298,-0.44972381931125116,-1.7394563417006446
0.31142465268861497,2.6724204354661993,-0.1737844408082752,-0.31519972583425093,0.22285925422605737,-0.19824870881207018,0.3191307258505552,0.2780631635101512,-0.24787420422108644
-1.0160026369599806,-0.34663879674258236,-0.8965698555790802,-0.5787792185334839,-0.651886787258238,-0.08851752426058351,0.19007228755460018,-0.1211684788795855,-1.0212311517114094
1.5366282891267913,0.819305848333446,0.6617760032175495,1.439552096866034,0.22285925422605737,0.8516928439182754,0.6942477709450267,0.2780631635101512,0.1615581494902347
0.10531772574615109,-0.21946426625308066,-0.10509419571658182,-0.6127007532460808,-0.19765920623745872,0.1366841027385255,0.3191307258505552,-0.3476010361655068,-0.46125197888863867
-0.871974488448065,-0.5283166974418726,-0.8668382569573025,-0.612242354128343,-0.6483918617155117,-0.38353251223507234,-1.903260824331786,-1.1316159376965895,-0.8893823850192814
0.23705571147629614,1.3878508081688699,0.23733180220320432,0.5149610763888987,0.22285925422605737,0.1366841027385255,0.3191307258505552,0.5975826729319875,0.36214975595928034
0.14972378835181752,0.7562529298554571,-0.05383281878248212,0.4654539716732164,0.22285925422605737,0.1366841027385255,0.3191307258505552,0.2780631635101512,0.36214975595928034
0.272894543821678,-0.7249563076105151,-0.42599041532404563,-0.4650962373345104,0.16953345481607257,-0.7562416332214258,0.3191307258505552,-0.7758636405620714,0.0885532536471482
2.380208914808388,1.037319329172593,1.4522264355413663,1.793894614877351,1.6538621546720116,3.308180884029895,0.744403182984213,2.571374966539509,0.36214975595928034
-0.13770454415031788,0.5446516102174607,-0.4464949660976855,0.17620412838066704,0.22285925422605737,0.1366841027385255,0.3191307258505552,0.2780631635101512,0.36214975595928034
2.516073524538252,1.5780782571363605,2.9869920609483094,2.0492229234573034,1.6352601316220172,0.9396662448038154,0.8163159079114783,1.2717809154079662,0.5689282180082483
-0.1054540805003433,0.5564072390862381,-0.1030437406392175,0.3100566707601037,0.22285925422605737,0.17291852199323182,0.3191307258505552,0.2780631635101512,0.36214975595928034
-0.9416336957476618,-0.6255678089926687,-0.8863175801922603,-0.6447886914877266,-0.3591022184046853,-0.49591917432059196,-1.0652110736909575,-1.821693982194793,-1.0539527434452223
2.0695010403947967,0.7594590104560325,2.7747699604411378,2.892677300094849,1.1856548714803274,2.2168652781080054,0.6987040880425851,0.2780631635101512,1.2262472519551344
-0.19700233684192592,0.03595348825945025,-0.4844283850289191,-0.042910649897999746,0.22285925422605737,0.1366841027385255,0.3191307258505552,0.2780631635101512,0.36214975595928034
0.2333776335635038,1.7939543509084575,-0.23734854820655862,-0.34087007642756745,0.15611745031334906,0.1366841027385255,0.3191307258505552,0.2780631635101512,0.36214975595928034
-0.6446513315940036,-0.2814484911975432,-0.7919966466335168,-0.49901777204710723,-1.0483917270572156,0.1366841027385255,0.3191307258505552,-0.8410826584448989,-0.9721487641106902
-0.9790424393972839,-0.3124406036697751,-0.8391571134128889,-0.2395638714075144,-0.107242100261121,0.1366841027385255,-0.7946864122391792,-0.1968994783827591,-0.6432830186179165
0.38790176050948677,-0.664040776199577,0.5100423274926141,-0.524688122640424,-0.6248292991855184,0.1366841027385255,0.3191307258505552,0.2780631635101512,0.36214975595928034
0.5052862714580019,1.9147167201968096,-0.02205076508333985,-0.2152687181674113,0.009781535653391047,0.1366841027385255,0.3191307258505552,0.2780631635101512,-0.5992876011606891
0.960919386557362,0.6889252372433677,0.49261345933502043,1.090710368267571,0.22285925422605737,0.1366841027385255,0.3191307258505552,0.2780631635101512,0.36214975595928034
-0.8913516794032649,-0.49732458496964077,-0.7991732394042911,-0.5902391964769288,-1.2589891758898826,-0.7459623653477502,-0.16922920078187012,-0.13329080662049517,-1.3925799721863183
0.4900357045025209,1.8206716892465888,-0.07228691447875768,-0.21985270934478918,0.08666989759336897,0.1366841027385255,0.3191307258505552,0.2780631635101512,-0.6024497717904275
0.30034556434154436,1.4968575485884434,0.22810475435506627,0.4819563399117774,0.22285925422605737,0.33344642195379864,0.3191307258505552,0.2780631635101512,0.36214975595928034
-0.6309706759427629,-0.40327955401942056,-0.7971227843269267,-0.4857241976327112,-0.09889937477203252,0.1366841027385255,-0.38182173996538965,-0.03420978836914874,0.36214975595928034
-0.8416527729718721,-0.32099015193797725,-0.819677790177931,-0.5641104467658744,-0.38435587393922355,-1.2327713597319023,-0.06411254453946405,-0.813438383375223,-1.3720946059327968
1.7474898045906717,0.7669398651907094,0.6607507756788675,1.296073173014104,0.22285925422605737,0.754982065340111,2.9483578134099893,2.2396883975400805,0.36214975595928034
-0.7889934623667679,-0.4225160376228738,-0.7889209640174711,-0.5709864335319413,-0.5063400493337341,-1.2876797822904527,-1.9085909290955323,-0.7922802246244841,-0.6575815292915153
0.12814872157068055,1.454109807247434,-0.3039883382208882,-0.4201731237962063,0.041235865537927414,-0.7174373969983004,0.3191307258505552,-0.03859350836401644,0.046207664344567086
0.08226245687815785,1.3557900021631129,-0.3737038108512641,-0.4339250973283402,0.22285925422605737,0.1366841027385255,-0.09853977858726787,0.2780631635101512,0.36214975595928034
-0.7806953597586387,-0.4182412634887734,-0.770466868321195,-0.5654856441190877,-0.4136681526846697,0.025582349137215327,0.09832458260486919,-0.16777905270256654,-0.06075619434831683
-0.9076787569673691,-0.5101489073719433,-0.8729896221893945,-0.6434134941345132,-0.7323828142745785,-0.40580425929470276,-1.8817656477435634,-1.8958593674140858,-0.5598292111287385
0.22274709130335874,-0.7815970648873527,-0.4516211037910955,-0.47288902233605284,-0.07928269591931078,0.1366841027385255,0.3191307258505552,0.015039963818089357,-0.373398629653738
1.7819381440665825,0.730604285050852,2.7583663198222252,1.9327895475519032,0.22285925422605737,0.1366841027385255,0.3191307258505552,0.2780631635101512,1.1335819039358495
1.0683461743761222,1.2820501483498716,0.3542077416129512,1.049912846788907,1.218123857167591,0.7372503282580207,0.3191307258505552,1.943205784009641,1.377069042425692
-1.1789594303401716,-0.664040776199577,-0.8945194005017164,-0.48664099586818677,-0.45064671971738646,-0.9861545913293026,0.3191307258505552,-0.402129145081259,0.36214975595928034
-0.7348539496748085,-0.21946426625308066,-0.7140793536936854,-0.5256049208758995,-0.6005902994537072,-0.5077403323753189,-1.8489986102615166,-0.9215552326363988,-0.8433246823687466
-0.19722660988538868,0.10434987440506471,-0.5664465881234786,-0.06262181196072499,0.22285925422605737,0.1366841027385255,0.3191307258505552,0.2780631635101512,0.36214975595928034
2.331541664376925,0.9539612335576247,2.9418820492463023,3.462925802560668,3.7127115179386956,2.8453568480176523,1.0471706093183253,1.6712809488177969,4.203774614052543
1.807460416412668,0.7968632841294162,2.231399364939681,1.7416371154552421,0.22285925422605737,0.1366841027385255,0.3191307258505552,0.2780631635101512,0.36214975595928034
1.1566200442831445,0.8524353478727281,0.6023128059739936,1.149843854455747,0.22285925422605737,0.1366841027385255,0.3191307258505552,0.2780631635101512,0.36214975595928034
0.4389014505929645,-0.6971702757388591,0.7560969367762926,-0.393585974967414,-0.9285496028017951,0.1366841027385255,0.07918863271535383,0.1496380603952006,-0.5313696754610946
0.3877671966834081,2.6189857587899374,-0.17686012342432084,-0.2771525990620137,-0.16744501122292196,0.1366841027385255,0.3191307258505552,0.2780631635101512,0.36214975595928034
-0.4517316596071612,-0.592438309453386,-0.7581641378570113,-0.765347659452767,-0.2735329123747098,-2.0724162238799684,-1.090550916010407,-0.5697840689666073,-0.1332111474731879
-0.07858616989348008,0.5820558838908444,-0.4680247444100073,0.284386320166787,0.22285925422605737,0.1366841027385255,0.3191307258505552,0.08464270169578463,0.36214975595928034
-0.637788576464037,-1.3993019272649367,0.7253401106158328,-0.3459124667226832,0.22285925422605737,0.1366841027385255,0.3191307258505552,0.2780631635101512,0.36214975595928034
0.18363387252341756,1.3643395504313138,0.07227016847540338,0.41044607754468104,0.22285925422605737,0.8188848472881276,0.3191307258505552,0.2780631635101512,0.36214975595928034
0.3160895319926455,-0.5133549879725192,-0.3737038108512641,-0.693378997967933,-0.42110896190466757,0.1366841027385255,-0.832084524352022,-0.18388251390820298,0.36214975595928034
1.1602981221959379,0.8235806224675465,0.544900063807802,1.1278406968043324,0.22285925422605737,0.1366841027385255,0.3191307258505552,0.2780631635101512,0.36214975595928034
0.49721244189333536,0.37045456425284795,0.24143271235793184,0.8890147564629405,0.22285925422605737,0.1366841027385255,0.3191307258505552,0.2780631635101512,0.36214975595928034
1.8807079924076722,0.8096876065317188,2.8608890736904247,1.9309559510809517,0.22285925422605737,0.1366841027385255,0.7671216623050988,0.2780631635101512,0.36214975595928034
0.13128854417916225,-1.16098326928881,0.3378041009940394,-0.5058937588131743,-0.3007031399810656,-1.2868231766343132,0.02903322067616758,0.2780631635101512,-0.9137173503003103
1.0600032171592995,1.1110591829858343,0.46903322594533486,1.5206887407056244,0.22285925422605737,0.1366841027385255,0.4698590982679704,1.021685216517096,0.36214975595928034
0.33658808816516017,2.285553376330065,-0.2906603802180221,-0.3083237390681839,0.05814679558337708,0.1366841027385255,0.3191307258505552,0.2780631635101512,-0.07807938997210004
-0.8459139607976687,-0.24083813692358533,-0.7622650480117394,-0.4105467423237125,-0.49698266804191865,-0.5571664787345756,0.3191307258505552,-0.7878517727929341,-0.7263243690684329
1.0361854199435327,1.2660197453469926,0.5264459681115264,1.1040039426819672,2.190051376646404,0.9833531332669365,2.352696761369688,1.2019545183468594,1.001183194525506
0.9459379472540352,0.6173227704971768,0.429049351936737,1.252983655946751,0.22285925422605737,0.1366841027385255,0.3191307258505552,0.2780631635101512,0.36214975595928034
0.10769502000685839,-0.8756420958375729,-0.5602952228913868,-0.5796960167689595,-0.5913456576955279,-0.4267910978701237,-1.464706794672072,0.2780631635101512,-0.8075784056847495
-0.9598446668768542,-0.6522851473307996,-0.8658130294186207,-0.6369959064861841,-1.272066961791697,-0.5993114770166453,-0.1929962253021814,-0.958101143205857,-0.8394750833412393
-0.9091589590542244,-0.54007232631065,-0.8699139395733485,-0.6131591523638187,-1.1833409488199043,0.026181973096513107,-0.8292884038202206,-0.7080949079883513,-1.1173336417195403
0.76956962587476,0.5254151266140074,0.36035910684504363,1.0274512900197552,0.22285925422605737,0.1366841027385255,0.3191307258505552,0.2780631635101512,0.36214975595928034
0.21947270486879938,-0.7644979683509485,-0.4628986067165973,-0.5091025526373388,-0.39450243196649337,-0.5338668048875775,-1.0701916633882285,0.2780631635101512,-0.34590149374297097
-2.5608402149415754,-2.2029594644759114,-0.65461615645013,-0.8629866715309177,0.22285925422605737,-0.34883998316141734,0.3191307258505552,-1.771012811233721,-0.014011063300012849
1.9024624776235812,0.9507551529570494,0.7725005773952045,1.4409272942192475,0.22285925422605737,0.27519723733630375,0.6072185193927104,0.2780631635101512,0.36214975595928034
0.9547743051664762,1.5193001127924732,0.45468004040378684,0.6483552196505973,0.22285925422605737,0.77117191224115,0.3191307258505552,0.2780631635101512,0.36214975595928034
0.08378751357370565,-1.216555333032122,0.37163660977054547,-0.5201041314630459,-0.4159229433573963,-0.2796262461453351,-1.293706548399097,-0.17055242657687059,-0.4913613427109285
0.8834106227365603,0.8364049448698491,0.5551523391946219,1.2662772303611471,0.22285925422605737,0.1366841027385255,0.3191307258505552,0.2780631635101512,0.36214975595928034
-0.7481757684565088,-0.4278595052905006,-0.8084002872524291,-0.5641104467658744,-0.7506466187236642,0.1366841027385255,-1.2489686198902759,-0.5202659257592752,-0.9331028311174011
-0.7107670248068856,-0.230151201588333,-0.7089532160002754,-0.14696724962447952,-0.8365541433545488,-0.4449511377802839,-0.19439428556808205,0.05798252703311987,-0.5844391477688751
-0.7387114460223712,-1.7370090838589103,0.2906436342146678,-0.4398842858589315,0.22285925422605737,0.1366841027385255,0.3191307258505552,0.2780631635101512,0.36214975595928034
-1.1062501096494781,-1.5638807314278227,0.43417548963014696,-0.43300829909286465,0.22285925422605737,0.1366841027385255,0.3191307258505552,0.2780631635101512,0.36214975595928034
0.5115210620662728,-0.6084687124562645,-0.4167633674759076,-0.6016991744203738,0.22285925422605737,0.1366841027385255,0.3191307258505552,0.2780631635101512,0.36214975595928034
-0.3802334133511678,-0.5796139870510835,-0.8063498321750648,-0.801561189754053,-0.30419806552379197,-2.210158413387221,-1.148832553345141,-1.0052484990690258,-0.680404152097452
-1.0071662790475406,-1.4035767013990377,0.5818082552003537,-0.35874764201934156,0.22285925422605737,0.1366841027385255,0.3191307258505552,0.2780631635101512,0.36214975595928034
1.2137199611488154,0.7070930273132959,0.47005845348401676,1.311200343899451,0.22285925422605737,0.1366841027385255,0.3191307258505552,0.2780631635101512,0.36214975595928034
0.5188323632831648,1.8570072693864463,-0.054858046321164,-0.25606623964607506,0.22285925422605737,1.6301760642179717,0.3191307258505552,0.6319814553406943,0.36214975595928034
-1.1534371579940859,-0.5657209711152552,-0.8893932628083064,-0.3816675979062314,-0.14444614636111036,0.1366841027385255,-0.6963852997930389,-0.06798232506430293,-1.3304364450279846
-0.8681169921005024,-0.4545768436286308,-0.809425514791111,-0.5838216088285997,-0.6018304343237068,0.1366841027385255,0.16787808083342715,-0.7939800344184124,-0.942314371647508
0.05826524122762103,0.9507551529570494,-0.3952335891635858,-0.42338191762037086,0.22285925422605737,0.1366841027385255,0.3191307258505552,-0.32572716802785057,0.36214975595928034
-1.021385190003092,-0.34343271614200704,-0.8975950831177624,-0.5838216088285997,-0.5869488158837112,-0.35466490162316683,0.3191307258505552,0.09855430290398723,-0.09485264287766781
-1.0659706710435295,-0.7399180170798685,-0.8986203106564443,-0.6585406650198604,-0.6786060567300485,-1.7109286369890442,-0.4091712939170714,-0.8860381543106339,-0.6907155780639895
1.0772722415059472,0.7648024781236592,0.5561775667333039,1.1603870341637161,0.22285925422605737,0.1366841027385255,0.3191307258505552,0.2780631635101512,0.36214975595928034
-0.867758155230961,-0.22053295978660578,-0.7520127726249195,-0.1474256487422174,-0.7089329912782216,-0.04791441615956502,0.3191307258505552,-0.6136212689152841,-0.41134467721059653
-0.3833283813509569,-0.3370205549408563,-0.5623456779687506,-0.7868924179864435,-0.024942240706599072,0.1366841027385255,-3.524486460176842,-0.4131331769051106,0.1779189453571412
-0.393958923611102,-1.312737751049393,0.27218953851839167,-0.4967257764584182,-0.2799590657919807,0.1366841027385255,0.3191307258505552,0.2780631635101512,-0.2793584248389147
-1.145094200777264,-0.5913696159198609,-0.8709391671120307,-0.46968022851188823,-0.37184178570559073,-0.27594284182393475,0.2120917367425357,-0.6262803786963818,-0.1439350304783871
0.15026204365612916,-0.21091471798487854,-0.04358054339566218,-0.6113255558928673,-0.23136832679472183,-0.12834968727107626,0.3191307258505552,-0.44381921686918446,-0.5878762897577209
2.112068064044068,0.8257180095345967,2.8906206723122025,3.726505295259901,1.5596119045520385,2.577324938211562,1.1027435048878769,0.983797350847168,1.845620238345162
-0.011752802941517168,0.36083632245112074,-0.3214172063784819,0.1276138219004605,0.22285925422605737,0.1366841027385255,0.3191307258505552,0.2501504974203813,0.36214975595928034
-0.216558946231896,-1.0284652711316808,0.23220566450979435,-0.5187289341098325,-0.41039870620921615,-0.8119210008705017,-0.2932196706139352,-0.3567263308487007,-0.5130840800804345
-1.2053787948601082,-1.497621732349258,0.31114818498830765,-0.39816996614479205,0.22285925422605737,0.1366841027385255,0.3191307258505552,0.2780631635101512,0.18974271379877106
-0.377003881525302,-0.5464844875118013,-0.6730702521464056,-0.7580132735689623,-1.0020557787326831,-1.4422114426580424,-0.9265409710669354,-0.4149671822090858,0.1192125601876536
-1.0884428299985185,-1.6792996330485477,0.5930857581258561,-0.4504274655669009,-0.5877379926191654,0.1366841027385255,0.3191307258505552,0.2063580293083867,-0.6511197023524851
-1.1604793315588227,-0.6020565512551133,-0.9232257715848122,-0.40504595291085893,-0.17229281116928416,0.03954502133229128,-1.2838327477711735,0.2529238712946854,-0.7866805823925666
-0.833040688102894,-0.4182412634887734,-0.8063498321750648,-0.5796960167689595,-0.6230254666473372,-1.4277348070692824,-1.7138236583022461,-1.1145283760839422,-1.245195323704607
0.13290331009209516,-0.7944213872896553,-0.6023295519773484,-0.6681670464923543,-0.7706015161772949,-1.86494633396295,-0.5445210034095794,0.2780631635101512,0.2659097802715956
0.15263933791683645,-0.8093830967590087,-0.5110843010346509,-0.5278969164645886,-0.5972081134446172,-0.19045359734119952,-0.8394243407480004,0.2780631635101512,-1.31270079236554
-1.134553367734504,-1.8524279854796353,0.05689175539517347,-0.5036017632244852,-0.5037470400600985,-0.4257631710827562,0.3191307258505552,0.2780631635101512,-0.9379148299017852
-0.8018218804528491,-0.3103032166027249,-0.7222811740031415,-0.5146033420501923,-1.0124278158272257,-0.41000162700978693,-0.2966274425120681,-0.5773884812026022,-0.6681679266171606
0.17466295078489896,1.0768609899130273,-0.344997439768168,-0.3523300543710124,0.22285925422605737,-0.6178998197548754,0.3191307258505552,0.24791390558626517,0.10230182160253187
0.1989741486962847,2.019448686482282,-0.23632332066787673,-0.3546220499597014,-0.7186285911709461,0.1366841027385255,0.3191307258505552,0.2780631635101512,-0.9883720742980427
-0.866950772274494,-0.239769443390059,-0.7868705089401073,-0.40917154497049923,0.11553121820426983,0.13000257862063636,0.3191307258505552,-0.4950819017071271,-0.9695365361991674
-0.8579349959272828,-0.25900592699351344,-0.7110036710776397,-0.40871314585276136,0.22285925422605737,-0.7869937762768385,0.3191307258505552,-0.813438383375223,-1.1647662011656135
2.106012691870567,0.8182371547999209,2.7481140444354053,3.192470323095368,2.0845271731627975,2.479928875108486,1.9433272397606505,1.2090668803793487,4.19002604609716
0.22678400608569252,1.7544126901680246,-0.229146727897103,-0.32895169936638485,-0.7371178746873045,0.1366841027385255,0.3191307258505552,0.2780631635101512,-0.3848099410567063
0.512193881196661,-0.5935070029869117,-0.389082223931494,-0.5929895911833556,0.22285925422605737,0.1366841027385255,0.3191307258505552,0.2780631635101512,0.36214975595928034
-0.4022570262192313,-0.7014450498729602,-0.7776434610919694,-0.7474700938609931,-1.1488426515271868,-0.30720894827303125,-1.0299100519769657,-0.20557745469912983,-1.0743006240191897
1.0539029903771062,1.2841875354169219,0.540799153653074,1.2085189415261846,0.22285925422605737,0.1366841027385255,0.3191307258505552,0.601519074560032,2.2164191161018554
-0.8421910282761828,-0.47381332723208525,-0.8483841612610264,-0.6021575735381115,-0.8792824266027183,-0.0778099535588381,-0.939735164826373,-0.7995715140037027,-1.4472992726487448
-1.2672333002471936,-0.6736590180013037,-0.8873428077309424,-0.4962673773406805,-0.5126534632173687,-0.2263453743334501,0.2071985258118833,-0.5011206996592408,-0.7323737389688016
0.02215728123008287,-1.0263278840646308,0.4608314056358787,-0.5196457323453081,-0.03689263127205027,-1.6962806802690567,0.3191307258505552,0.2780631635101512,0.36214975595928034
0.7782714199611233,0.8321301707357486,0.5100423274926141,1.3451218786120482,0.22285925422605737,0.1366841027385255,0.6111505638905561,0.482577120821734,1.0769378039596695
-0.9792218578320552,-0.6554912279313749,-0.8637625743412567,-0.6534982747247448,-1.2056633764798976,-1.158846291607052,-0.07250090613486807,-0.42301891281190407,-0.26684722799951577
-2.7319605471038177,-2.205096851542962,-0.809425514791111,-0.9702520650815621,0.22285925422605737,0.1366841027385255,-1.6982702378441012,-4.893116084313167,-1.2172857307551783
2.0311952045713224,0.8428171060710009,3.1038680003580574,1.8058129919385337,0.22285925422605737,0.1366841027385255,0.7291118988259246,0.2780631635101512,0.36214975595928034
0.720902375443297,0.90800741161604,0.30499681975621584,1.2332724938840256,0.22285925422605737,0.1366841027385255,0.3191307258505552,0.38345137073370517,0.36214975595928034
1.2619386654933529,-0.12541923530285987,1.1323554434725842,-0.34087007642756745,0.22285925422605737,0.1366841027385255,0.3191307258505552,0.2780631635101512,-0.08165401764049976
0.2983271069503785,-0.7965587743567055,-0.519286121344107,-0.5751120255915815,0.22285925422605737,0.1366841027385255,0.3191307258505552,0.2780631635101512,0.04868240657653614
-0.7115744077633526,-1.4153323302678151,0.7253401106158328,-0.3468292649581588,0.22285925422605737,0.1366841027385255,0.3191307258505552,0.15804764569147742,0.36214975595928034
-0.07140943250266561,0.15350977694722592,-0.45777246902318736,0.05289476570919956,0.22285925422605737,0.1366841027385255,0.3191307258505552,0.2780631635101512,0.36214975595928034
-1.0462794978274808,-0.45137076302805546,-0.8904184903469884,-0.5925311920656179,-0.17499855997655622,-0.8374478494234627,0.3191307258505552,-0.08368319973979846,-1.5502760466345673
-0.9144069482712581,-0.26969286232876577,-0.7489370900088732,-0.43346669821060235,-0.6018304343237068,0.1366841027385255,-0.49419083383715545,-0.6363003101132223,-1.59949591991484
-0.8216924721036681,-0.4299968923575508,-0.7786686886306512,-0.5719032317674169,-0.9129915471599815,-0.34781205637404977,-1.6173574999551006,-0.39640346998592163,-0.6428705615792549
0.24741712608428487,-0.9600688849860665,0.4413520824009207,-0.4797650091021199,0.22285925422605737,0.1366841027385255,0.3191307258505552,0.2780631635101512,0.36214975595928034
-0.7663867395857012,-0.3669439738795619,-0.7315082218512796,-0.5361481005838689,-1.2080309066862607,-0.7311430874965346,-0.456705342957694,-0.5572591546955566,-1.1033101024050491
1.0368133844652285,1.1441886825251164,0.6474228176760014,1.5321487186490694,0.22285925422605737,0.1366841027385255,0.3191307258505552,1.2565273590992938,0.36214975595928034
-0.7791703030630899,-0.17992260551264666,-0.7171550363097315,-0.5443992847031491,-0.8595530082163605,-0.15199200338053015,-1.6586876565657889,-0.9555514285149646,-0.9990959573032419
0.33663294277385275,2.4982233895015864,-0.2414494583612867,-0.3078653399504462,-0.09720828176748751,0.1366841027385255,0.3191307258505552,0.2780631635101512,0.015273386444954162
-1.7949926261242428,-1.818229792406828,-0.010773262157838026,-0.7080477697355425,0.22285925422605737,0.1366841027385255,0.3191307258505552,-0.05281823242899529,0.36214975595928034
-0.09957812676161387,0.48907954647414875,-0.5777240910489805,-0.41283873791240155,0.22285925422605737,-0.5889465485773558,-3.7280789863986263,-0.16616870658200286,0.36214975595928034
0.9580935462097281,0.6376279476341563,0.4495539027103769,1.2717780197740007,0.22285925422605737,0.1366841027385255,0.3191307258505552,0.2780631635101512,0.36214975595928034
-1.1640228456455373,-0.7687727424850496,-0.9283519092782222,-0.6608326606085495,-0.25662198232926015,-0.8080662754178735,-1.3076871510581036,-1.1861887784490242,-0.7620706457524301
0.19363645026186588,1.718077110028166,-0.21171785973950877,-0.3559972473129148,-0.8990118449890764,0.06044619934209836,0.3191307258505552,0.24370911293812678,-0.687003464716036
0.3975455013783937,-0.3402266355414317,-0.31629106868507195,-0.6823774191422258,0.22285925422605737,-0.8108074135175202,-0.21615159845616116,0.08500055638924321,0.36214975595928034
2.2652465527292716,0.8577788155403537,2.7768204155185012,3.3794971631323896,4.675958093327511,3.5774120417545805,1.112180411682706,1.6363453843689026,5.84947819831195
1.7867375871966906,0.7637337845901341,2.740937451664632,1.8452353160639843,0.2700971188196802,0.7464160087787147,0.6156068809881143,1.3012591957816173,0.36214975595928034
-1.0918966348678483,-0.5432784069112254,-0.8319805206421147,-0.4325498999751268,-0.32054529790106,-0.6531063122222142,-0.42559850204140426,-0.6536562627459638,-0.9424518573270618
2.082688295350419,0.9528925400240996,2.9121504506245244,4.166568448288185,1.5169963608375052,1.9806990987103088,1.2284815500523174,0.6614597357143454,0.36214975595928034
-0.059074415112202544,-0.039923752620841205,-0.5438915822724744,-0.04611944372216433,0.22285925422605737,0.1366841027385255,0.3191307258505552,0.2780631635101512,0.36214975595928034
0.37745063668411194,2.7365420474777133,-0.2086421771234631,-0.269818213178209,0.22285925422605737,0.1366841027385255,0.3191307258505552,0.2780631635101512,-0.2944818495898366
0.6631296394472368,0.7605277039895576,0.3521572865355874,1.1874325821102458,0.22285925422605737,0.1366841027385255,0.3191307258505552,0.2780631635101512,0.36214975595928034
0.8930543636054683,1.0234263132367656,0.3941916156215491,1.3827106062665475,0.22285925422605737,0.1366841027385255,0.3191307258505552,0.31845601203428925,0.36214975595928034
0.2944247559941224,-0.7313684688116664,-0.5039077082638771,-0.616826345305721,-0.45752383126920265,-1.2891360119058901,-1.207026811913256,0.04666537235249202,0.36214975595928034
-1.2227823830328348,-0.6576286149984257,-0.8883680352696244,-0.49810097381163165,-0.4885272030191937,0.0244687617842338,0.29038311163297276,-0.3812393773506139,-0.6973148906825737
-0.08423785058874675,0.09793771320391403,-0.4700751994873711,0.02355722217398088,0.22285925422605737,0.1366841027385255,0.3191307258505552,0.05301729316138196,0.36214975595928034
-0.8438057941891167,-1.9603660323656837,-0.06203463909193773,-0.596656784125258,1.1660381926276056,0.1366841027385255,0.3191307258505552,0.2780631635101512,2.30440995101631
-1.2673678640732724,-0.6533538408643247,-0.8924689454243524,-0.5031433641067474,-0.10273251891566779,0.1366841027385255,0.3191307258505552,-0.36916178144638667,-0.008511636117859307
0.9685446700351019,1.1741121014638232,0.31319864006567144,1.0989615523868512,0.6313145845904858,1.6731776681561812,0.3191307258505552,0.2780631635101512,1.2377960490376567
0.2371902753023738,2.0739520566920686,-0.17480966834695708,-0.3472876640758967,-0.7266330980591257,0.1366841027385255,0.3191307258505552,0.19061242279620888,-0.6128986834365189
-0.734001712109649,-1.4025080078655126,0.3296022806845838,-0.30924053730365947,0.22285925422605737,-0.9486352635903869,0.3191307258505552,0.2780631635101512,0.36214975595928034
0.022874954969164727,0.6237349316983286,-0.5490177199658843,-0.40367075555764564,-0.08311584006294605,-1.1487383448646047,-2.2956788652167783,0.2780631635101512,0.36214975595928034
-0.8235763656687574,-0.230151201588333,-0.7602145929343751,-0.40871314585276136,-0.48334118447192254,0.1366841027385255,0.3191307258505552,-0.3313633794498233,-0.6210103385301952
-0.3814893423945613,-0.54007232631065,-0.7140793536936854,-0.740594107094926,-0.570601583506443,-0.8681999924788755,-1.9218725016215887,-0.3916618952975954,-0.5053848820254198
0.05570852853214249,1.6015895148739154,-0.28450901498593023,-0.411921939676926,-0.5629352952191724,0.1366841027385255,0.3191307258505552,0.18604977545461188,-0.08220396035871501
0.4390808690277347,-0.7848031454879281,-0.47827701979682724,-0.6328703144265438,0.22285925422605737,-0.15850220636719134,-1.203269524948648,0.2780631635101512,0.36214975595928034
-0.9183541538362058,-0.5048054397043171,-0.8617121192638926,-0.6424966958990377,-0.8171629435690998,-0.11995495184090794,-0.3419770223872208,-2.3122680350898346,-0.6540069016231156
-1.0699178766084771,-0.41717256995524826,-0.8678634844959845,-0.5801544158866973,-0.04151495215113976,0.1366841027385255,-2.1858437555769576,-0.45952009154468,-0.4211061604589188
-1.1306061621695565,-0.6074000189227394,-0.9027212208111723,-0.3931275758496763,-0.7483918280509376,0.022584229340726663,-0.9524050859860977,-0.30063260764906713,-1.1798896259165352
-0.7654896474118492,-0.2002277826496262,-0.7448361798541452,-0.5448576838208868,-0.9107367564872548,0.1366841027385255,-2.22542633685527,-1.2532865334725094,-0.2793584248389147
0.08329411287808758,0.8706031379426574,-0.4475201936363674,-0.36791562437409747,0.16175442699516576,0.1366841027385255,0.3191307258505552,0.2780631635101512,0.36214975595928034
1.8406079722364956,0.762665091056609,2.7081301704268075,2.532375593552941,2.088698535907342,1.2217464873705959,0.3191307258505552,0.2780631635101512,3.0040745742657777
0.06373750348811646,-0.215189492118979,-0.19736467419796072,-0.6264527267782147,-0.08300310052930977,-0.2108408119573228,0.3191307258505552,-0.2582715583109068,-0.10695138267840539
2.02321108422404,0.8000693647299916,2.8854945346187932,2.8202502394922773,4.073139806974047,3.2635517293450205,2.4184055938670195,1.2242309730146566,3.2226768047563747
-0.06486065963354687,-1.3309055411193222,0.2229786166616563,-0.5540256661756428,-0.6567345872046002,0.1366841027385255,0.3191307258505552,-0.052728768755630644,-0.06048122298920912
-0.8645734780137867,-0.4503020694945304,-0.7909714190948349,-0.5737368282383681,-0.5798462252646223,-1.1180718623748058,-0.22253024841933294,-0.22924059630407895,-0.7738944141940598
0.34197064120827153,-0.8831229505722493,0.608464171206086,-0.4646378382167725,0.22285925422605737,-1.0748132767397545,0.3191307258505552,-0.1794093302399706,0.36214975595928034
-0.8315156314073462,-0.23121989512185812,-0.7448361798541452,-0.40000356261574316,0.050142288695197566,-0.8011277696031424,0.3191307258505552,-0.10139700706599855,-0.7206874562067257
-0.697579769851263,-0.271830249395816,-0.7304829943125977,-0.5077273552841254,-0.4936004820328287,-1.6596179581862804,0.06302356089087749,-0.09907095155851772,-1.0550526288816529
0.19717996434858054,-0.7965587743567055,-0.47930224733550914,-0.5045185614599609,-0.5800717043318949,-0.25290014967377866,-0.6553172794822069,-0.12233150663332591,-0.07491721934236178
-1.0403138348713663,-0.47060724663150993,-0.8258291554100228,-0.4550114567442789,-0.1978846853047314,-1.874540317311714,0.2404898358936429,-1.3553198529448893,-0.13981046009177195
0.3570417897289823,-0.08908365516300122,0.4813359564095186,-0.46784663204093707,-0.3632735811492296,0.1366841027385255,0.3191307258505552,0.2780631635101512,0.36214975595928034
1.8893200772766503,0.85884750907388,0.7560969367762926,1.3469554750829993,0.22285925422605737,0.1366841027385255,0.3191307258505552,0.2780631635101512,0.36214975595928034
-1.159357966341508,-1.6173154081040844,0.08457289893958708,-0.4967257764584182,0.22285925422605737,0.1366841027385255,0.3191307258505552,0.2780631635101512,0.36214975595928034
-0.12240912258614435,-0.32419623253855256,0.6320444045957715,-0.5499000741160026,-1.2357648319607981,-0.3507245156049245,-0.40060817478842986,-0.8260974931563205,-0.7708697292438755
-0.07419041824160691,-0.9012907406421786,0.3747122923865911,-0.5416488899967223,-0.36383727881741124,0.1366841027385255,0.3191307258505552,-0.5772990175292376,-0.6392959339108552
0.23831164051968862,1.7747178673050041,-0.18813762634982323,-0.33582768613245173,0.22285925422605737,0.1366841027385255,0.3191307258505552,0.2780631635101512,0.10793873446423899
-0.6098441552485514,-0.38511176394949126,-0.828904838026069,-0.5494416749982649,-0.9488427188563349,-0.23234161392642755,0.3191307258505552,-0.566429181215433,-1.548076275761706
-0.008792398767805664,-1.3031195092476657,0.3511320589969056,-0.5260633199936372,-0.7630479674236607,-0.8766803884746578,0.3191307258505552,0.1021328498385731,-0.5775648637911833
